0.0,-5.302999090598946579,0.0,-1.0294927119494676196,0.0,0.0,8.007868608200590884,0.62155014883634711765,8.262643810489773295,0.0,-11.0392716169816665845,0.0,0.0,-0.1707990568352090832,10.433953201268805218,0.0,0.0,0.0,-2.5094991076358091537,-5.158158419659402979,0.0,0.0,6.4692073678016989253,-12.264660859245546603,0.0,-12.564811085743279931,11.085420526469135341,0.0,0.0,0.0,-3.0618450052253902355,0.98845735544423137626,0.0,12.875275797435394815,0.0,0.0,-0.0800685146373025588,-5.975112823015592251,5.7322512909448239283,0.2718035128445673298,5.586814469442232858,0.0,7.2121986412961911284,0.96892268942380720446,0.0,2.7941104069811390329,0.0,1.5736860791897131387,0.0,10.357731134749137081,-4.30322723726809741,6.137379857867196106,0.0,-2.3985721817097706654,0.0,0.0,-1.4275671141347749079,-4.3412192756204197415,0.0,4.1850634154867334532,-0.8791877938071881013,2.5808188131743357479,-1.8928682848135969111,8.407653513681220501,-14.496410240238211172,-4.248502510744192426,0.0,1.6737050904639017709,0.0,-1.8771428219000714846,0.0,0.0,0.0,0.0,0.0,0.0,-0.91015033111556930797,-0.68137665528735073296,0.0,0.0,-1.8709103521658069916,-2.9364193254200527939,0.0,0.0,-1.5792740960693288507,0.0,-8.523951741390364225,0.0,0.0,0.0,4.9544796601004716516,8.1138287170332457085,-5.106944860438003706,-10.410106823441888976,0.0,-1.8236304973181051371,-4.1007324057592595555,-4.9158766397040280813,-2.378254732074072866,8.752061209352240611
0.0,5.302999090598946579,0.0,1.0294927119494676196,0.0,0.0,-8.007868608200590884,-0.62155014883634711765,-8.262643810489773295,0.0,11.0392716169816665845,0.0,0.0,0.1707990568352090832,-10.433953201268805218,0.0,0.0,0.0,2.5094991076358091537,5.158158419659402979,0.0,0.0,-6.4692073678016989253,12.264660859245546603,0.0,12.564811085743279931,-11.085420526469135341,0.0,0.0,0.0,3.0618450052253902355,-0.98845735544423137626,0.0,-12.875275797435394815,0.0,0.0,0.0800685146373025588,5.975112823015592251,-5.7322512909448239283,-0.2718035128445673298,-5.586814469442232858,0.0,-7.2121986412961911284,-0.96892268942380720446,0.0,-2.7941104069811390329,0.0,-1.5736860791897131387,0.0,-10.357731134749137081,4.30322723726809741,-6.137379857867196106,0.0,2.3985721817097706654,0.0,0.0,1.4275671141347749079,4.3412192756204197415,0.0,-4.1850634154867334532,0.8791877938071881013,-2.5808188131743357479,1.8928682848135969111,-8.407653513681220501,14.496410240238211172,4.248502510744192426,0.0,-1.6737050904639017709,0.0,1.8771428219000714846,0.0,0.0,0.0,0.0,0.0,0.0,0.91015033111556930797,0.68137665528735073296,0.0,0.0,1.8709103521658069916,2.9364193254200527939,0.0,0.0,1.5792740960693288507,0.0,8.523951741390364225,0.0,0.0,0.0,-4.9544796601004716516,-8.1138287170332457085,5.106944860438003706,10.410106823441888976,0.0,1.8236304973181051371,4.1007324057592595555,4.9158766397040280813,2.378254732074072866,-8.752061209352240611
0.0,5.302999090598946579,0.0,1.0294927119494676196,0.0,0.0,-8.007868608200590884,-0.62155014883634711765,-8.262643810489773295,0.0,11.0392716169816665845,0.0,0.0,0.1707990568352090832,-10.433953201268805218,0.0,0.0,0.0,2.5094991076358091537,5.158158419659402979,0.0,0.0,-6.4692073678016989253,12.264660859245546603,0.0,12.564811085743279931,-11.085420526469135341,0.0,0.0,0.0,3.0618450052253902355,-0.98845735544423137626,0.0,-12.875275797435394815,0.0,0.0,0.0800685146373025588,5.975112823015592251,-5.7322512909448239283,-0.2718035128445673298,-5.586814469442232858,0.0,-7.2121986412961911284,-0.96892268942380720446,0.0,-2.7941104069811390329,0.0,-1.5736860791897131387,0.0,-10.357731134749137081,4.30322723726809741,-6.137379857867196106,0.0,2.3985721817097706654,0.0,0.0,1.4275671141347749079,4.3412192756204197415,0.0,-4.1850634154867334532,0.8791877938071881013,-2.5808188131743357479,1.8928682848135969111,-8.407653513681220501,14.496410240238211172,4.248502510744192426,0.0,-1.6737050904639017709,0.0,1.8771428219000714846,0.0,0.0,0.0,0.0,0.0,0.0,0.91015033111556930797,0.68137665528735073296,0.0,0.0,1.8709103521658069916,2.9364193254200527939,0.0,0.0,1.5792740960693288507,0.0,8.523951741390364225,0.0,0.0,0.0,-4.9544796601004716516,-8.1138287170332457085,5.106944860438003706,10.410106823441888976,0.0,1.8236304973181051371,4.1007324057592595555,4.9158766397040280813,2.378254732074072866,-8.752061209352240611
0.0,5.302999090598946579,0.0,1.0294927119494676196,0.0,0.0,-8.007868608200590884,-0.62155014883634711765,-8.262643810489773295,0.0,11.0392716169816665845,0.0,0.0,0.1707990568352090832,-10.433953201268805218,0.0,0.0,0.0,2.5094991076358091537,5.158158419659402979,0.0,0.0,-6.4692073678016989253,12.264660859245546603,0.0,12.564811085743279931,-11.085420526469135341,0.0,0.0,0.0,3.0618450052253902355,-0.98845735544423137626,0.0,-12.875275797435394815,0.0,0.0,0.0800685146373025588,5.975112823015592251,-5.7322512909448239283,-0.2718035128445673298,-5.586814469442232858,0.0,-7.2121986412961911284,-0.96892268942380720446,0.0,-2.7941104069811390329,0.0,-1.5736860791897131387,0.0,-10.357731134749137081,4.30322723726809741,-6.137379857867196106,0.0,2.3985721817097706654,0.0,0.0,1.4275671141347749079,4.3412192756204197415,0.0,-4.1850634154867334532,0.8791877938071881013,-2.5808188131743357479,1.8928682848135969111,-8.407653513681220501,14.496410240238211172,4.248502510744192426,0.0,-1.6737050904639017709,0.0,1.8771428219000714846,0.0,0.0,0.0,0.0,0.0,0.0,0.91015033111556930797,0.68137665528735073296,0.0,0.0,1.8709103521658069916,2.9364193254200527939,0.0,0.0,1.5792740960693288507,0.0,8.523951741390364225,0.0,0.0,0.0,-4.9544796601004716516,-8.1138287170332457085,5.106944860438003706,10.410106823441888976,0.0,1.8236304973181051371,4.1007324057592595555,4.9158766397040280813,2.378254732074072866,-8.752061209352240611
0.0,-5.302999090598946579,0.0,-1.0294927119494676196,0.0,0.0,8.007868608200590884,0.62155014883634711765,8.262643810489773295,0.0,-11.0392716169816665845,0.0,0.0,-0.1707990568352090832,10.433953201268805218,0.0,0.0,0.0,-2.5094991076358091537,-5.158158419659402979,0.0,0.0,6.4692073678016989253,-12.264660859245546603,0.0,-12.564811085743279931,11.085420526469135341,0.0,0.0,0.0,-3.0618450052253902355,0.98845735544423137626,0.0,12.875275797435394815,0.0,0.0,-0.0800685146373025588,-5.975112823015592251,5.7322512909448239283,0.2718035128445673298,5.586814469442232858,0.0,7.2121986412961911284,0.96892268942380720446,0.0,2.7941104069811390329,0.0,1.5736860791897131387,0.0,10.357731134749137081,-4.30322723726809741,6.137379857867196106,0.0,-2.3985721817097706654,0.0,0.0,-1.4275671141347749079,-4.3412192756204197415,0.0,4.1850634154867334532,-0.8791877938071881013,2.5808188131743357479,-1.8928682848135969111,8.407653513681220501,-14.496410240238211172,-4.248502510744192426,0.0,1.6737050904639017709,0.0,-1.8771428219000714846,0.0,0.0,0.0,0.0,0.0,0.0,-0.91015033111556930797,-0.68137665528735073296,0.0,0.0,-1.8709103521658069916,-2.9364193254200527939,0.0,0.0,-1.5792740960693288507,0.0,-8.523951741390364225,0.0,0.0,0.0,4.9544796601004716516,8.1138287170332457085,-5.106944860438003706,-10.410106823441888976,0.0,-1.8236304973181051371,-4.1007324057592595555,-4.9158766397040280813,-2.378254732074072866,8.752061209352240611
0.0,-5.302999090598946579,0.0,-1.0294927119494676196,0.0,0.0,8.007868608200590884,0.62155014883634711765,8.262643810489773295,0.0,-11.0392716169816665845,0.0,0.0,-0.1707990568352090832,10.433953201268805218,0.0,0.0,0.0,-2.5094991076358091537,-5.158158419659402979,0.0,0.0,6.4692073678016989253,-12.264660859245546603,0.0,-12.564811085743279931,11.085420526469135341,0.0,0.0,0.0,-3.0618450052253902355,0.98845735544423137626,0.0,12.875275797435394815,0.0,0.0,-0.0800685146373025588,-5.975112823015592251,5.7322512909448239283,0.2718035128445673298,5.586814469442232858,0.0,7.2121986412961911284,0.96892268942380720446,0.0,2.7941104069811390329,0.0,1.5736860791897131387,0.0,10.357731134749137081,-4.30322723726809741,6.137379857867196106,0.0,-2.3985721817097706654,0.0,0.0,-1.4275671141347749079,-4.3412192756204197415,0.0,4.1850634154867334532,-0.8791877938071881013,2.5808188131743357479,-1.8928682848135969111,8.407653513681220501,-14.496410240238211172,-4.248502510744192426,0.0,1.6737050904639017709,0.0,-1.8771428219000714846,0.0,0.0,0.0,0.0,0.0,0.0,-0.91015033111556930797,-0.68137665528735073296,0.0,0.0,-1.8709103521658069916,-2.9364193254200527939,0.0,0.0,-1.5792740960693288507,0.0,-8.523951741390364225,0.0,0.0,0.0,4.9544796601004716516,8.1138287170332457085,-5.106944860438003706,-10.410106823441888976,0.0,-1.8236304973181051371,-4.1007324057592595555,-4.9158766397040280813,-2.378254732074072866,8.752061209352240611
0.0,5.302999090598946579,0.0,1.0294927119494676196,0.0,0.0,-8.007868608200590884,-0.62155014883634711765,-8.262643810489773295,0.0,11.0392716169816665845,0.0,0.0,0.1707990568352090832,-10.433953201268805218,0.0,0.0,0.0,2.5094991076358091537,5.158158419659402979,0.0,0.0,-6.4692073678016989253,12.264660859245546603,0.0,12.564811085743279931,-11.085420526469135341,0.0,0.0,0.0,3.0618450052253902355,-0.98845735544423137626,0.0,-12.875275797435394815,0.0,0.0,0.0800685146373025588,5.975112823015592251,-5.7322512909448239283,-0.2718035128445673298,-5.586814469442232858,0.0,-7.2121986412961911284,-0.96892268942380720446,0.0,-2.7941104069811390329,0.0,-1.5736860791897131387,0.0,-10.357731134749137081,4.30322723726809741,-6.137379857867196106,0.0,2.3985721817097706654,0.0,0.0,1.4275671141347749079,4.3412192756204197415,0.0,-4.1850634154867334532,0.8791877938071881013,-2.5808188131743357479,1.8928682848135969111,-8.407653513681220501,14.496410240238211172,4.248502510744192426,0.0,-1.6737050904639017709,0.0,1.8771428219000714846,0.0,0.0,0.0,0.0,0.0,0.0,0.91015033111556930797,0.68137665528735073296,0.0,0.0,1.8709103521658069916,2.9364193254200527939,0.0,0.0,1.5792740960693288507,0.0,8.523951741390364225,0.0,0.0,0.0,-4.9544796601004716516,-8.1138287170332457085,5.106944860438003706,10.410106823441888976,0.0,1.8236304973181051371,4.1007324057592595555,4.9158766397040280813,2.378254732074072866,-8.752061209352240611
0.0,-5.302999090598946579,0.0,-1.0294927119494676196,0.0,0.0,8.007868608200590884,0.62155014883634711765,8.262643810489773295,0.0,-11.0392716169816665845,0.0,0.0,-0.1707990568352090832,10.433953201268805218,0.0,0.0,0.0,-2.5094991076358091537,-5.158158419659402979,0.0,0.0,6.4692073678016989253,-12.264660859245546603,0.0,-12.564811085743279931,11.085420526469135341,0.0,0.0,0.0,-3.0618450052253902355,0.98845735544423137626,0.0,12.875275797435394815,0.0,0.0,-0.0800685146373025588,-5.975112823015592251,5.7322512909448239283,0.2718035128445673298,5.586814469442232858,0.0,7.2121986412961911284,0.96892268942380720446,0.0,2.7941104069811390329,0.0,1.5736860791897131387,0.0,10.357731134749137081,-4.30322723726809741,6.137379857867196106,0.0,-2.3985721817097706654,0.0,0.0,-1.4275671141347749079,-4.3412192756204197415,0.0,4.1850634154867334532,-0.8791877938071881013,2.5808188131743357479,-1.8928682848135969111,8.407653513681220501,-14.496410240238211172,-4.248502510744192426,0.0,1.6737050904639017709,0.0,-1.8771428219000714846,0.0,0.0,0.0,0.0,0.0,0.0,-0.91015033111556930797,-0.68137665528735073296,0.0,0.0,-1.8709103521658069916,-2.9364193254200527939,0.0,0.0,-1.5792740960693288507,0.0,-8.523951741390364225,0.0,0.0,0.0,4.9544796601004716516,8.1138287170332457085,-5.106944860438003706,-10.410106823441888976,0.0,-1.8236304973181051371,-4.1007324057592595555,-4.9158766397040280813,-2.378254732074072866,8.752061209352240611
0.0,5.302999090598946579,0.0,1.0294927119494676196,0.0,0.0,-8.007868608200590884,-0.62155014883634711765,-8.262643810489773295,0.0,11.0392716169816665845,0.0,0.0,0.1707990568352090832,-10.433953201268805218,0.0,0.0,0.0,2.5094991076358091537,5.158158419659402979,0.0,0.0,-6.4692073678016989253,12.264660859245546603,0.0,12.564811085743279931,-11.085420526469135341,0.0,0.0,0.0,3.0618450052253902355,-0.98845735544423137626,0.0,-12.875275797435394815,0.0,0.0,0.0800685146373025588,5.975112823015592251,-5.7322512909448239283,-0.2718035128445673298,-5.586814469442232858,0.0,-7.2121986412961911284,-0.96892268942380720446,0.0,-2.7941104069811390329,0.0,-1.5736860791897131387,0.0,-10.357731134749137081,4.30322723726809741,-6.137379857867196106,0.0,2.3985721817097706654,0.0,0.0,1.4275671141347749079,4.3412192756204197415,0.0,-4.1850634154867334532,0.8791877938071881013,-2.5808188131743357479,1.8928682848135969111,-8.407653513681220501,14.496410240238211172,4.248502510744192426,0.0,-1.6737050904639017709,0.0,1.8771428219000714846,0.0,0.0,0.0,0.0,0.0,0.0,0.91015033111556930797,0.68137665528735073296,0.0,0.0,1.8709103521658069916,2.9364193254200527939,0.0,0.0,1.5792740960693288507,0.0,8.523951741390364225,0.0,0.0,0.0,-4.9544796601004716516,-8.1138287170332457085,5.106944860438003706,10.410106823441888976,0.0,1.8236304973181051371,4.1007324057592595555,4.9158766397040280813,2.378254732074072866,-8.752061209352240611
0.0,5.302999090598946579,0.0,1.0294927119494676196,0.0,0.0,-8.007868608200590884,-0.62155014883634711765,-8.262643810489773295,0.0,11.0392716169816665845,0.0,0.0,0.1707990568352090832,-10.433953201268805218,0.0,0.0,0.0,2.5094991076358091537,5.158158419659402979,0.0,0.0,-6.4692073678016989253,12.264660859245546603,0.0,12.564811085743279931,-11.085420526469135341,0.0,0.0,0.0,3.0618450052253902355,-0.98845735544423137626,0.0,-12.875275797435394815,0.0,0.0,0.0800685146373025588,5.975112823015592251,-5.7322512909448239283,-0.2718035128445673298,-5.586814469442232858,0.0,-7.2121986412961911284,-0.96892268942380720446,0.0,-2.7941104069811390329,0.0,-1.5736860791897131387,0.0,-10.357731134749137081,4.30322723726809741,-6.137379857867196106,0.0,2.3985721817097706654,0.0,0.0,1.4275671141347749079,4.3412192756204197415,0.0,-4.1850634154867334532,0.8791877938071881013,-2.5808188131743357479,1.8928682848135969111,-8.407653513681220501,14.496410240238211172,4.248502510744192426,0.0,-1.6737050904639017709,0.0,1.8771428219000714846,0.0,0.0,0.0,0.0,0.0,0.0,0.91015033111556930797,0.68137665528735073296,0.0,0.0,1.8709103521658069916,2.9364193254200527939,0.0,0.0,1.5792740960693288507,0.0,8.523951741390364225,0.0,0.0,0.0,-4.9544796601004716516,-8.1138287170332457085,5.106944860438003706,10.410106823441888976,0.0,1.8236304973181051371,4.1007324057592595555,4.9158766397040280813,2.378254732074072866,-8.752061209352240611
0.0,-5.302999090598946579,0.0,-1.0294927119494676196,0.0,0.0,8.007868608200590884,0.62155014883634711765,8.262643810489773295,0.0,-11.0392716169816665845,0.0,0.0,-0.1707990568352090832,10.433953201268805218,0.0,0.0,0.0,-2.5094991076358091537,-5.158158419659402979,0.0,0.0,6.4692073678016989253,-12.264660859245546603,0.0,-12.564811085743279931,11.085420526469135341,0.0,0.0,0.0,-3.0618450052253902355,0.98845735544423137626,0.0,12.875275797435394815,0.0,0.0,-0.0800685146373025588,-5.975112823015592251,5.7322512909448239283,0.2718035128445673298,5.586814469442232858,0.0,7.2121986412961911284,0.96892268942380720446,0.0,2.7941104069811390329,0.0,1.5736860791897131387,0.0,10.357731134749137081,-4.30322723726809741,6.137379857867196106,0.0,-2.3985721817097706654,0.0,0.0,-1.4275671141347749079,-4.3412192756204197415,0.0,4.1850634154867334532,-0.8791877938071881013,2.5808188131743357479,-1.8928682848135969111,8.407653513681220501,-14.496410240238211172,-4.248502510744192426,0.0,1.6737050904639017709,0.0,-1.8771428219000714846,0.0,0.0,0.0,0.0,0.0,0.0,-0.91015033111556930797,-0.68137665528735073296,0.0,0.0,-1.8709103521658069916,-2.9364193254200527939,0.0,0.0,-1.5792740960693288507,0.0,-8.523951741390364225,0.0,0.0,0.0,4.9544796601004716516,8.1138287170332457085,-5.106944860438003706,-10.410106823441888976,0.0,-1.8236304973181051371,-4.1007324057592595555,-4.9158766397040280813,-2.378254732074072866,8.752061209352240611
0.0,-5.302999090598946579,0.0,-1.0294927119494676196,0.0,0.0,8.007868608200590884,0.62155014883634711765,8.262643810489773295,0.0,-11.0392716169816665845,0.0,0.0,-0.1707990568352090832,10.433953201268805218,0.0,0.0,0.0,-2.5094991076358091537,-5.158158419659402979,0.0,0.0,6.4692073678016989253,-12.264660859245546603,0.0,-12.564811085743279931,11.085420526469135341,0.0,0.0,0.0,-3.0618450052253902355,0.98845735544423137626,0.0,12.875275797435394815,0.0,0.0,-0.0800685146373025588,-5.975112823015592251,5.7322512909448239283,0.2718035128445673298,5.586814469442232858,0.0,7.2121986412961911284,0.96892268942380720446,0.0,2.7941104069811390329,0.0,1.5736860791897131387,0.0,10.357731134749137081,-4.30322723726809741,6.137379857867196106,0.0,-2.3985721817097706654,0.0,0.0,-1.4275671141347749079,-4.3412192756204197415,0.0,4.1850634154867334532,-0.8791877938071881013,2.5808188131743357479,-1.8928682848135969111,8.407653513681220501,-14.496410240238211172,-4.248502510744192426,0.0,1.6737050904639017709,0.0,-1.8771428219000714846,0.0,0.0,0.0,0.0,0.0,0.0,-0.91015033111556930797,-0.68137665528735073296,0.0,0.0,-1.8709103521658069916,-2.9364193254200527939,0.0,0.0,-1.5792740960693288507,0.0,-8.523951741390364225,0.0,0.0,0.0,4.9544796601004716516,8.1138287170332457085,-5.106944860438003706,-10.410106823441888976,0.0,-1.8236304973181051371,-4.1007324057592595555,-4.9158766397040280813,-2.378254732074072866,8.752061209352240611
0.0,5.302999090598946579,0.0,1.0294927119494676196,0.0,0.0,-8.007868608200590884,-0.62155014883634711765,-8.262643810489773295,0.0,11.0392716169816665845,0.0,0.0,0.1707990568352090832,-10.433953201268805218,0.0,0.0,0.0,2.5094991076358091537,5.158158419659402979,0.0,0.0,-6.4692073678016989253,12.264660859245546603,0.0,12.564811085743279931,-11.085420526469135341,0.0,0.0,0.0,3.0618450052253902355,-0.98845735544423137626,0.0,-12.875275797435394815,0.0,0.0,0.0800685146373025588,5.975112823015592251,-5.7322512909448239283,-0.2718035128445673298,-5.586814469442232858,0.0,-7.2121986412961911284,-0.96892268942380720446,0.0,-2.7941104069811390329,0.0,-1.5736860791897131387,0.0,-10.357731134749137081,4.30322723726809741,-6.137379857867196106,0.0,2.3985721817097706654,0.0,0.0,1.4275671141347749079,4.3412192756204197415,0.0,-4.1850634154867334532,0.8791877938071881013,-2.5808188131743357479,1.8928682848135969111,-8.407653513681220501,14.496410240238211172,4.248502510744192426,0.0,-1.6737050904639017709,0.0,1.8771428219000714846,0.0,0.0,0.0,0.0,0.0,0.0,0.91015033111556930797,0.68137665528735073296,0.0,0.0,1.8709103521658069916,2.9364193254200527939,0.0,0.0,1.5792740960693288507,0.0,8.523951741390364225,0.0,0.0,0.0,-4.9544796601004716516,-8.1138287170332457085,5.106944860438003706,10.410106823441888976,0.0,1.8236304973181051371,4.1007324057592595555,4.9158766397040280813,2.378254732074072866,-8.752061209352240611
0.0,5.302999090598946579,0.0,1.0294927119494676196,0.0,0.0,-8.007868608200590884,-0.62155014883634711765,-8.262643810489773295,0.0,11.0392716169816665845,0.0,0.0,0.1707990568352090832,-10.433953201268805218,0.0,0.0,0.0,2.5094991076358091537,5.158158419659402979,0.0,0.0,-6.4692073678016989253,12.264660859245546603,0.0,12.564811085743279931,-11.085420526469135341,0.0,0.0,0.0,3.0618450052253902355,-0.98845735544423137626,0.0,-12.875275797435394815,0.0,0.0,0.0800685146373025588,5.975112823015592251,-5.7322512909448239283,-0.2718035128445673298,-5.586814469442232858,0.0,-7.2121986412961911284,-0.96892268942380720446,0.0,-2.7941104069811390329,0.0,-1.5736860791897131387,0.0,-10.357731134749137081,4.30322723726809741,-6.137379857867196106,0.0,2.3985721817097706654,0.0,0.0,1.4275671141347749079,4.3412192756204197415,0.0,-4.1850634154867334532,0.8791877938071881013,-2.5808188131743357479,1.8928682848135969111,-8.407653513681220501,14.496410240238211172,4.248502510744192426,0.0,-1.6737050904639017709,0.0,1.8771428219000714846,0.0,0.0,0.0,0.0,0.0,0.0,0.91015033111556930797,0.68137665528735073296,0.0,0.0,1.8709103521658069916,2.9364193254200527939,0.0,0.0,1.5792740960693288507,0.0,8.523951741390364225,0.0,0.0,0.0,-4.9544796601004716516,-8.1138287170332457085,5.106944860438003706,10.410106823441888976,0.0,1.8236304973181051371,4.1007324057592595555,4.9158766397040280813,2.378254732074072866,-8.752061209352240611
0.0,0.0,0.0,0.0,0.0,0.0,0.0,0.0,0.0,0.0,0.0,0.0,0.0,0.0,0.0,0.0,0.0,0.0,0.0,0.0,0.0,0.0,0.0,0.0,0.0,0.0,0.0,0.0,0.0,0.0,0.0,0.0,0.0,0.0,0.0,0.0,0.0,0.0,0.0,0.0
-2.3095391818072619557,0.0,2.7248771225564767332,0.0,0.0,-0.39961039820119079475,15.241632377271556323,-3.5789270168845415938,1.892935077422120284,10.504840456417918578,7.226898006491494549,-5.364238725437250607,12.539537111797346066,0.0,5.812607639554116238,0.0,1.2107431498836564866,0.41959062243140676326,0.17250780853713335084,0.0,6.38685549931639406,0.0,0.0,5.404288332742687376,0.0,-9.3689988485796961235,10.42204412988415711,13.639346946506152266,0.0,8.654501093011931173,0.0,0.0,-2.9194457273892049046,-6.7843711195520499434,-4.4349530665949208263,-8.585054844072179132,0.0,-0.7291543779455071848,0.0,0.0
0.0,0.0,0.0,0.0,0.0,0.0,0.0,0.0,0.0,0.0,0.0,0.0,0.0,0.0,0.0,0.0,0.0,0.0,0.0,0.0,0.0,0.0,0.0,0.0,0.0,0.0,0.0,0.0,0.0,0.0,0.0,0.0,0.0,0.0,0.0,0.0,0.0,0.0,0.0,0.0
-2.5384812496756783246,0.0,2.9949911816898026902,0.0,0.0,-0.43922333554668798556,16.752518558216185223,-3.9337020986194694027,2.0805796406230607312,11.5461736867284583494,7.943292422708147055,-5.895989784702860853,13.782567573935317726,0.0,6.3888050139870255577,0.0,1.3307627808885643065,0.46118417733376254207,0.18960831703729010585,0.0,7.0199774297467083125,0.0,0.0,5.9400094653398311296,0.0,-10.297737355008573349,11.455169851806068955,14.99140034265783583,0.0,9.512412226198747705,0.0,0.0,-3.208847157390090773,-7.4568983343021268445,-4.8745850650315463866,-9.436081847315146768,0.0,-0.80143464597348835414,0.0,0.0
0.0,0.0,0.0,0.0,0.0,0.0,0.0,0.0,0.0,0.0,0.0,0.0,0.0,0.0,0.0,0.0,0.0,0.0,0.0,0.0,0.0,0.0,0.0,0.0,0.0,0.0,0.0,0.0,0.0,0.0,0.0,0.0,0.0,0.0,0.0,0.0,0.0,0.0,0.0,0.0
0.0,0.0,0.0,0.0,0.0,0.0,0.0,0.0,0.0,0.0,0.0,0.0,0.0,0.0,0.0,0.0,0.0,0.0,0.0,0.0,0.0,0.0,0.0,0.0,0.0,0.0,0.0,0.0,0.0,0.0,0.0,0.0,0.0,0.0,0.0,0.0,0.0,0.0,0.0,0.0
-0.38646583035077602128,0.0,0.45596624126054948207,0.0,0.0,-0.066868648765152487295,2.550452557368690509,-0.5988783443209567516,0.31675354644712871988,1.7578233448783183723,1.2093101346535992339,-0.8976227766803488439,2.0982985091999859506,0.0,0.9726504125232946496,0.0,0.20259922864575585777,0.07021203172593981634,0.028866526272191907237,0.0,1.0687419522115376076,0.0,0.0,0.9043244619621748164,0.0,-1.5677577363023855739,1.7439686541521688123,2.282334755195209469,0.0,1.4481975354777407716,0.0,0.0,-0.48852430220153397755,-1.1352600721299712177,-0.7421211265647891124,-1.4365767747334929894,0.0,-0.122012760963901456535,0.0,0.0
-0.23291226059721193586,0.0,0.27479823484424400177,0.0,0.0,-0.0402998840358962583,1.537087173123452456,-0.36092740429834332022,0.19089859636030970506,1.0593914825912358424,0.7288177507689017951,-0.54097240599616849637,1.2645864415540743509,0.0,0.58618948574571283505,0.0,0.12210094821657151158,0.042314848418989002122,0.017397056509607993133,0.0,0.6441011974040018419,0.0,0.0,0.5450113262478875015,0.0,-0.9448442003256215711,1.0510416439160448208,1.3754999938535526438,0.0,0.8727885760903579298,0.0,0.0,-0.2944200771363390527,-0.68418982740478786954,-0.44725586494482068553,-0.865785065191747757,0.0,-0.07353371435714169111,0.0,0.0
-2.3218190125674083516,0.0,2.7393653071132783542,0.0,0.0,-0.40173512857968361097,15.32267220875638192,-3.5979561887714922518,1.9029998221875667927,10.56069474284150189,7.265323457395128956,-5.392760408128014353,12.606209889967297342,0.0,5.843513301883258428,0.0,1.2171806769417354777,0.42182158775669309264,0.1734250333715620396,0.0,6.420814440233665237,0.0,0.0,5.4330229593850390053,0.0,-9.418813859798746473,10.477458187847705896,13.711867418772377938,0.0,8.700517116283086725,0.0,0.0,-2.9349684341387471795,-6.8204436529034571223,-4.458533733039540941,-8.6307016213090501176,0.0,-0.7330312952239506035,0.0,0.0
0.0,0.0,0.0,0.0,0.0,0.0,0.0,0.0,0.0,0.0,0.0,0.0,0.0,0.0,0.0,0.0,0.0,0.0,0.0,0.0,0.0,0.0,0.0,0.0,0.0,0.0,0.0,0.0,0.0,0.0,0.0,0.0,0.0,0.0,0.0,0.0,0.0,0.0,0.0,0.0
-1.2830517349164485175,0.0,1.5137904336372469443,0.0,0.0,-0.22200134933475174658,8.46740467477766088,-1.9882531347919226378,1.0516096259818026366,5.83590608845202456,4.0148632672415739925,-2.980073192693137174,6.9662705759990186166,0.0,3.2291620662103553178,0.0,0.67262166896031076,0.23310125253818552755,0.09583576012640025933,0.0,3.5481822926450914755,0.0,0.0,3.0023225308038475256,0.0,-5.2048955574305424553,5.78990904660027181,7.5772638544923851442,0.0,4.80796027609976055,0.0,0.0,-1.6218819472852445025,-3.7690198996523191965,-2.4638136781532669552,-4.76937979611159971,0.0,-0.40507768693182564105,0.0,0.0
0.0,0.0,0.0,0.0,0.0,0.0,0.0,0.0,0.0,0.0,0.0,0.0,0.0,0.0,0.0,0.0,0.0,0.0,0.0,0.0,0.0,0.0,0.0,0.0,0.0,0.0,0.0,0.0,0.0,0.0,0.0,0.0,0.0,0.0,0.0,0.0,0.0,0.0,0.0,0.0
0.0,0.0,0.0,0.0,0.0,0.0,0.0,0.0,0.0,0.0,0.0,0.0,0.0,0.0,0.0,0.0,0.0,0.0,0.0,0.0,0.0,0.0,0.0,0.0,0.0,0.0,0.0,0.0,0.0,0.0,0.0,0.0,0.0,0.0,0.0,0.0,0.0,0.0,0.0,0.0
-3.8379911725052554905,0.0,4.5281995754450184645,0.0,0.0,-0.6640723798144561245,25.328537822321430483,-5.9474593053211685153,3.145678659405373085,17.456939140889044623,12.009655853426825408,-8.914289498794540677,20.838197126718664429,0.0,9.659388758405156063,0.0,2.0120124213647016557,0.6972755074445480078,0.2866733985589500262,0.0,10.613673593214936388,0.0,0.0,8.980843918183211555,0.0,-15.569398068372581481,17.319348242732566335,22.665860614871221189,0.0,14.382046019857845543,0.0,0.0,-4.851533595355572587,-11.274264871949396872,-7.3700030093219256687,-14.266640274636496935,0.0,-1.211708416983228144,0.0,0.0
-0.8584114340480014588,0.0,1.0127845835236837024,0.0,0.0,-0.14852752344818369793,5.665022533182548805,-1.3302185549036418134,0.70356767582447155007,3.9044477927336169731,2.6860994307169629748,-1.9937846879372371767,4.6607055291493164617,0.0,2.160434816924623913,0.0,0.45001001573921683985,0.1559537897220639735,0.064117845013116844563,0.0,2.3738717365839804236,0.0,0.0,2.008670359118280741,0.0,-3.482277244116717796,3.873673985580392387,5.0694837585161429804,0.0,3.2167121271391145854,0.0,0.0,-1.0851020035574432399,-2.5216206712246774851,-1.6483870253512047115,-3.1909002878721235419,0.0,-0.2710127025101130016,0.0,0.0
0.0,0.0,0.0,0.0,0.0,0.0,0.0,0.0,0.0,0.0,0.0,0.0,0.0,0.0,0.0,0.0,0.0,0.0,0.0,0.0,0.0,0.0,0.0,0.0,0.0,0.0,0.0,0.0,0.0,0.0,0.0,0.0,0.0,0.0,0.0,0.0,0.0,0.0,0.0,0.0
0.0,0.0,0.0,0.0,0.0,0.0,0.0,0.0,0.0,0.0,0.0,0.0,0.0,0.0,0.0,0.0,0.0,0.0,0.0,0.0,0.0,0.0,0.0,0.0,0.0,0.0,0.0,0.0,0.0,0.0,0.0,0.0,0.0,0.0,0.0,0.0,0.0,0.0,0.0,0.0
0.0,0.0,0.0,0.0,0.0,0.0,0.0,0.0,0.0,0.0,0.0,0.0,0.0,0.0,0.0,0.0,0.0,0.0,0.0,0.0,0.0,0.0,0.0,0.0,0.0,0.0,0.0,0.0,0.0,0.0,0.0,0.0,0.0,0.0,0.0,0.0,0.0,0.0,0.0,0.0
-0.52160895034041560535,0.0,0.6154129390396760656,0.0,0.0,-0.090251926441763054106,3.4423195451319153276,-0.80829993243989517525,0.42751899884377223964,2.372516061701072712,1.6321934319527194258,-1.2115122155066506458,2.8320518838398925905,0.0,1.3127762427637070125,0.0,0.27344609198120372457,0.09476445598461920377,0.03896085316299637122,0.0,1.4424700040669646245,0.0,0.0,1.2205574110992136937,0.0,-2.1159864676225479143,2.3538165283415552235,3.0804437093501302182,0.0,1.9546172961280646073,0.0,0.0,-0.6593562185196030696,-1.5322488253350177131,-1.0016332401277428478,-1.9389328750539880875,0.0,-0.16467936665125375124,0.0,0.0
-3.3728841912062714648,0.0,3.9794496850486278622,0.0,0.0,-0.5835967648228973802,22.25909882734653213,-5.2267164167723039877,2.7644695738050948943,15.3414198753147398005,10.554265642932698552,-7.834011276970703295,18.312920093578742857,0.0,8.488815678717070482,0.0,1.7681866850417725709,0.61277617124895208066,0.25193288118161591104,0.0,9.327455500584297254,0.0,0.0,7.8925002986805761246,0.0,-13.682620478028061654,15.220502930906311185,19.919098171891201004,0.0,12.639157694027546652,0.0,0.0,-4.2636004699821980716,-9.907993021580678955,-6.4768691541982776434,-12.537737394674074803,0.0,-1.0648675258225103664,0.0,0.0
0.0,0.0,0.0,0.0,0.0,0.0,0.0,0.0,0.0,0.0,0.0,0.0,0.0,0.0,0.0,0.0,0.0,0.0,0.0,0.0,0.0,0.0,0.0,0.0,0.0,0.0,0.0,0.0,0.0,0.0,0.0,0.0,0.0,0.0,0.0,0.0,0.0,0.0,0.0,0.0
0.0,0.0,0.0,0.0,0.0,0.0,0.0,0.0,0.0,0.0,0.0,0.0,0.0,0.0,0.0,0.0,0.0,0.0,0.0,0.0,0.0,0.0,0.0,0.0,0.0,0.0,0.0,0.0,0.0,0.0,0.0,0.0,0.0,0.0,0.0,0.0,0.0,0.0,0.0,0.0
-2.0228080368681597397,0.0,2.3865814385847521214,0.0,0.0,-0.34999844621164446636,13.349371472281777132,-3.1346003523757474442,1.6579256667482952663,9.200656074010382166,6.329672812789476195,-4.698264177965965544,10.982743504919249214,0.0,5.0909677311690453416,0.0,1.0604284150967550732,0.36749810955127325135,0.15109082551193887077,0.0,5.593922257782663959,0.0,0.0,4.733341594347989069,0.0,-8.2058301143371205014,9.128138977935573091,11.946011065045567878,0.0,7.580037829161094052,0.0,0.0,-2.5569941948082196613,-5.942085994396170086,-3.8843500802706705244,-7.5192133878213495376,0.0,-0.63862927611022610316,0.0,0.0
-2.5029027095899592265,0.0,2.9530143446232536054,0.0,0.0,-0.4330673219648159047,16.517720624161561926,-3.8785685900229843488,2.0514189028177702407,11.38434621473022016,7.8319617804550212847,-5.813353480445406993,13.5893955215610723756,0.0,6.2992615693312805397,0.0,1.312111236012873022,0.45472036762775624034,0.18695082759979323921,0.0,6.9215876746847016434,0.0,0.0,5.856756195338666106,0.0,-10.153407566744748763,11.294617860408348913,14.781285677402593319,0.0,9.379089303390105292,0.0,0.0,-3.1638729834690759047,-7.3523848357935220697,-4.8062644421553166055,-9.303828746647288451,0.0,-0.79020199468583561227,0.0,0.0
0.0,0.0,0.0,0.0,0.0,0.0,0.0,0.0,0.0,0.0,0.0,0.0,0.0,0.0,0.0,0.0,0.0,0.0,0.0,0.0,0.0,0.0,0.0,0.0,0.0,0.0,0.0,0.0,0.0,0.0,0.0,0.0,0.0,0.0,0.0,0.0,0.0,0.0,0.0,0.0
-0.4024104710490730975,0.0,0.47477829996404128036,0.0,0.0,-0.069627486661825651644,2.6556780299761552071,-0.62358660899088017,0.32982202777554710024,1.8303468629852724112,1.2592033310905508754,-0.934656510409888069,2.1848692049238465926,0.0,1.0127796041226088914,0.0,0.21095798032006730734,0.07310880947612648958,0.030057488974380330236,0.0,1.1128356471489206632,0.0,0.0,0.9416346909352774712,0.0,-1.6324396094310610444,1.8159205613992080795,2.3764983390540802622,0.0,1.5079466453599607713,0.0,0.0,-0.5086796273538760458,-1.1820981429959143757,-0.7727392402204023703,-1.4958464402763784388,0.0,-0.12704671087976032312,0.0,0.0
-0.14949036966523395845,0.0,0.1763740972883398015,0.0,0.0,-0.025865725344577706539,0.98655059690174567473,-0.23165449063319323809,0.12252468661505314661,0.6799505699987176096,0.4677780152133892238,-0.34721300091158150168,0.811651109034937115,0.0,0.37623473617622416593,0.0,0.07836820542881013055,0.027158992473231474282,0.011165974698110826543,0.0,0.41340428303282143431,0.0,0.0,0.34980530618537738607,0.0,-0.60643054350407306797,0.6745913825218591459,0.8828388940472807119,0.0,0.5601829914182826395,0.0,0.0,-0.18896800904823160086,-0.43913441893388541144,-0.28706279529513762264,-0.55568791919450524443,0.0,-0.047196236530960960517,0.0,0.0
0.0,0.0,0.0,0.0,0.0,0.0,0.0,0.0,0.0,0.0,0.0,0.0,0.0,0.0,0.0,0.0,0.0,0.0,0.0,0.0,0.0,0.0,0.0,0.0,0.0,0.0,0.0,0.0,0.0,0.0,0.0,0.0,0.0,0.0,0.0,0.0,0.0,0.0,0.0,0.0
0.0,0.0,0.0,0.0,0.0,0.0,0.0,0.0,0.0,0.0,0.0,0.0,0.0,0.0,0.0,0.0,0.0,0.0,0.0,0.0,0.0,0.0,0.0,0.0,0.0,0.0,0.0,0.0,0.0,0.0,0.0,0.0,0.0,0.0,0.0,0.0,0.0,0.0,0.0,0.0
0.0,0.0,0.0,0.0,0.0,0.0,0.0,0.0,0.0,0.0,0.0,0.0,0.0,0.0,0.0,0.0,0.0,0.0,0.0,0.0,0.0,0.0,0.0,0.0,0.0,0.0,0.0,0.0,0.0,0.0,0.0,0.0,0.0,0.0,0.0,0.0,0.0,0.0,0.0,0.0
-2.7252244059891886038,0.0,3.2153174521601243733,0.0,0.0,-0.4715347627108696499,17.984916155071249716,-4.2230845575157610365,2.233637304177289934,12.395566967801205456,8.527640051325544121,-6.329727769621322154,14.796480980303694595,0.0,6.8587969091550304024,0.0,1.4286602312004092568,0.49511115194827258265,0.20355683668515438995,0.0,7.5364014697698485995,0.0,0.0,6.376985754304505415,0.0,-11.0552895239708339516,12.297868443535646053,16.094241428407450513,0.0,10.2121920191369594,0.0,0.0,-3.4449057244467589096,-8.005464423350233218,-5.233183498988460577,-10.130246402450380444,0.0,-0.86039211725172257117,0.0,0.0
-1.3410028741635820937,0.0,1.5821632652412691064,0.0,0.0,-0.2320284049539762658,8.849848916125281833,-2.0780558536825835063,1.0991073021942633953,6.0994943734459270888,4.1962011618302666053,-3.1146730937389480378,7.2809136298967770304,0.0,3.3750124754011459696,0.0,0.70300173153907860065,0.24362965351914932477,0.10016433965971235322,0.0,3.7084417744100097623,0.0,0.0,3.137927359753905598,0.0,-5.439983215244345438,6.0514197996406551496,7.9195034234779295374,0.0,5.025119699895783873,0.0,0.0,-1.6951369096626266767,-3.9392538747025865726,-2.5750958701772309102,-4.984796669153688896,0.0,-0.42337368607391921103,0.0,0.0
0.0,0.0,0.0,0.0,0.0,0.0,0.0,0.0,0.0,0.0,0.0,0.0,0.0,0.0,0.0,0.0,0.0,0.0,0.0,0.0,0.0,0.0,0.0,0.0,0.0,0.0,0.0,0.0,0.0,0.0,0.0,0.0,0.0,0.0,0.0,0.0,0.0,0.0,0.0,0.0
-2.3226394864731223632,0.0,2.7403333316408315934,0.0,0.0,-0.40187709192317601164,15.328086865387689393,-3.5992276182631152731,1.9036722956612665313,10.564426633404811261,7.2678908445519655587,-5.3946660774203611527,12.610664615425521137,0.0,5.8455782561953459815,0.0,1.217610798746477576,0.4219706491623185544,0.17348631752580005957,0.0,6.42308339861204379,0.0,0.0,5.434942856475721961,0.0,-9.422142237658051292,10.481160664653524144,13.716712856489451611,0.0,8.703591665686588579,0.0,0.0,-2.9360055800150066632,-6.822853830446284687,-4.460109269533085103,-8.6337514996285739995,0.0,-0.7332903305090213145,0.0,0.0
0.0,0.0,0.0,0.0,0.0,0.0,0.0,0.0,0.0,0.0,0.0,0.0,0.0,0.0,0.0,0.0,0.0,0.0,0.0,0.0,0.0,0.0,0.0,0.0,0.0,0.0,0.0,0.0,0.0,0.0,0.0,0.0,0.0,0.0,0.0,0.0,0.0,0.0,0.0,0.0
0.0,0.0,0.0,0.0,0.0,0.0,0.0,0.0,0.0,0.0,0.0,0.0,0.0,0.0,0.0,0.0,0.0,0.0,0.0,0.0,0.0,0.0,0.0,0.0,0.0,0.0,0.0,0.0,0.0,0.0,0.0,0.0,0.0,0.0,0.0,0.0,0.0,0.0,0.0,0.0
-0.07938684630800810301,0.0,0.093663447254150498244,0.0,0.0,-0.0137359909348908804796,0.5239075987750850564,-0.12302009477694225022,0.065066722940268399925,0.36108768423284118556,0.24841346959787978604,-0.18438743044944398923,0.43102724271118041658,0.0,0.19979942014620704388,0.0,0.041617427890127355243,0.014422780318096965027,0.005929689780171727036,0.0,0.21953830439842276314,0.0,0.0,0.18576407391360242448,0.0,-0.3220448812953594298,0.35824168824317370797,0.4688315090357471993,0.0,0.29748512324687766272,0.0,0.0,-0.10035144287245059304,-0.23320229057248980238,-0.15244466959226591397,-0.29509801557852728768,0.0,-0.025063556831053552114,0.0,0.0
-2.9845140791289057106,0.0,3.5212367039394708917,0.0,0.0,-0.5163986257485766808,19.696079104091214622,-4.624887143810371145,2.4461552477418633087,13.5749349862290425725,9.338996722248493666,-6.9319655306077523614,16.204282374041912212,0.0,7.5113726033980846215,0.0,1.5645891637175123526,0.5422181749421822083,0.22292411724137359964,0.0,8.253447401639453287,0.0,0.0,6.9837198449784340095,0.0,-12.107137731713146461,13.467941000508133898,17.62551738140139887,0.0,11.1838242725626813515,0.0,0.0,-3.7726690005006150276,-8.7671390396131372675,-5.731091280802983968,-11.094081994390464761,0.0,-0.9422535560249497246,0.0,0.0
-0.26153417222313465795,0.0,0.30856739226216681093,0.0,0.0,-0.04525221980582422428,1.7259753540962898648,-0.40528072534169471192,0.21435757074202536866,1.1895770267709764938,0.81838004860768282764,-0.6074509346780994139,1.4199877986174305705,0.0,0.6582246101055839896,0.0,0.13710557931815084286,0.047514797313079624448,0.019534930285305416081,0.0,0.7232529239081282916,0.0,0.0,0.61198618611570118885,0.0,-1.060953361486325557,1.1802011006582274948,1.5445311954081044741,0.0,0.98004303074602746606,0.0,0.0,-0.33060050579684092373,-0.76826792928367871276,-0.50221783992974564634,-0.9721788787223119774,0.0,-0.08257005906677329846,0.0,0.0
-2.596336197850324773,0.0,3.0632505236181012127,0.0,0.0,-0.44923374760641683888,17.134327993721855912,-4.023355757112792526,2.1279984771013095532,11.8093244507321266734,8.124329320857603887,-6.0303662680729113866,14.096688362814678809,0.0,6.5344133311764334665,0.0,1.3610924166622746041,0.47169510258957079752,0.19392971171258103985,0.0,7.17997090239381687,0.0,0.0,6.075389208569390881,0.0,-10.532434799028007912,11.71624653227896407,15.333071840133209175,0.0,9.729211194650027147,0.0,0.0,-3.2819805264133538024,-7.6268497439214714435,-4.985682543630743061,-9.651141157411641801,0.0,-0.8197002762254692315,0.0,0.0
-0.7414412703666359229,0.0,0.8747789910887343354,0.0,0.0,-0.12828864027418533189,4.8930866214715536934,-1.1489582921350918854,0.6076970677012525925,3.372413992522308095,2.3200820669992558121,-1.7221045680748334138,4.025621387685334106,0.0,1.8660463638644062069,0.0,0.38869006692277711403,0.1347029773645260901,0.05538092175160618857,0.0,2.0503996175356820667,0.0,0.0,1.7349618653019761187,0.0,-3.0077698889345757007,3.3458335326580831222,4.3786980565860604887,0.0,2.7783916096071268709,0.0,0.0,-0.93724218490550024064,-2.178015762253984746,-1.4237720068206060058,-2.7560969824184271904,0.0,-0.23408355767935520275,0.0,0.0
0.0,0.0,0.0,0.0,0.0,0.0,0.0,0.0,0.0,0.0,0.0,0.0,0.0,0.0,0.0,0.0,0.0,0.0,0.0,0.0,0.0,0.0,0.0,0.0,0.0,0.0,0.0,0.0,0.0,0.0,0.0,0.0,0.0,0.0,0.0,0.0,0.0,0.0,0.0,0.0
-1.6391323555408147948,0.0,1.9339071151675367703,0.0,0.0,-0.2836125658580767815,10.817332296261162262,-2.5400457016295744954,1.343458970855290863,7.4555236029529781397,5.129093477151579044,-3.8071219258678053864,8.899593981933639119,0.0,4.125339516691509318,0.0,0.85929188249178700356,0.29779298430028733222,0.12243270553019468522,0.0,4.532896251147883487,0.0,0.0,3.8355460408073386372,0.0,-6.6493910441971490776,7.3967611715508783518,9.680153973820212482,0.0,6.1422957767351950885,0.0,0.0,-2.0719968683382083894,-4.8150221055580534365,-3.1475868104009297398,-6.093008198284582265,0.0,-0.5174974048889975344,0.0,0.0
-1.0221941748587895444,0.0,1.2060213326641265349,0.0,0.0,-0.17686620104648537966,6.7458945724378275304,-1.5840209067340361933,0.83780661734113864213,4.649406603255221138,3.1986004406097563871,-2.3741937876122565696,5.5499564121162179636,0.0,2.5726403417163424033,0.0,0.5358707939705950766,0.18570938023191806158,0.07635136844326068229,0.0,2.826800488380229486,0.0,0.0,2.3919196073842183027,0.0,-4.146686976655976102,4.612761231161429934,6.036728498663814527,0.0,3.8304527038433666074,0.0,0.0,-1.2921367344018807199,-3.0027395478346346894,-1.9628951204447580471,-3.799716030618165593,0.0,-0.32272124395198173829,0.0,0.0
0.0,0.0,0.0,0.0,0.0,0.0,0.0,0.0,0.0,0.0,0.0,0.0,0.0,0.0,0.0,0.0,0.0,0.0,0.0,0.0,0.0,0.0,0.0,0.0,0.0,0.0,0.0,0.0,0.0,0.0,0.0,0.0,0.0,0.0,0.0,0.0,0.0,0.0,0.0,0.0
-1.6006946542601330653,0.0,1.888556937223627726,0.0,0.0,-0.27696184296248509517,10.563665540155691587,-2.4804815562520012202,1.3119548190215300924,7.2806913582152878233,5.008816086342343409,-3.7178448062801330118,8.690898244923400974,0.0,4.028600185369077999,0.0,0.8391414629234804952,0.29080973018092090595,0.119561655034334888264,0.0,4.426599702581213491,0.0,0.0,3.7456023748998890145,0.0,-6.4934626313442638775,7.2233069075339793297,9.453154082359988933,0.0,5.9982587626126576573,0.0,0.0,-2.0234084816771356374,-4.7021096975223674306,-3.073775808400858394,-5.950126979306304402,0.0,-0.50536207573427022963,0.0,0.0
0.0,0.0,0.0,0.0,0.0,0.0,0.0,0.0,0.0,0.0,0.0,0.0,0.0,0.0,0.0,0.0,0.0,0.0,0.0,0.0,0.0,0.0,0.0,0.0,0.0,0.0,0.0,0.0,0.0,0.0,0.0,0.0,0.0,0.0,0.0,0.0,0.0,0.0,0.0,0.0
-1.0926918329171818716,0.0,1.2891969969482900473,0.0,0.0,-0.18906413101921729505,7.2111386332654917077,-1.693266064832992496,0.89558762009096669826,4.9700621938977699085,3.4191982934185736203,-2.5379347929125168092,5.9327202147317056836,0.0,2.750067609038227584,0.0,0.57282819103464798746,0.19851719767779063352,0.08161709270308332646,0.0,3.0217564166476309972,0.0,0.0,2.5568831091649159087,0.0,-4.4326715065481227637,4.930889500699211571,6.453063508153517925,0.0,4.094627506993363267,0.0,0.0,-1.381251518957501409,-3.2098294639074795857,-2.0982700936241128762,-4.06177101785433932,0.0,-0.3449783575844760329,0.0,0.0
0.0,0.0,0.0,0.0,0.0,0.0,0.0,0.0,0.0,0.0,0.0,0.0,0.0,0.0,0.0,0.0,0.0,0.0,0.0,0.0,0.0,0.0,0.0,0.0,0.0,0.0,0.0,0.0,0.0,0.0,0.0,0.0,0.0,0.0,0.0,0.0,0.0,0.0,0.0,0.0
-0.56531133536757881465,0.0,0.66697457960404455866,0.0,0.0,-0.09781357667078431092,3.7307301907884072288,-0.87602238015070330176,0.46333816928113623183,2.5712944958976521686,1.7689448158303395334,-1.3130173244060076322,3.0693319799036200915,0.0,1.4227656376510648641,0.0,0.29635644731183332534,0.102704183130073058145,0.0422251418697082138,0.0,1.5633256363691462209,0.0,0.0,1.3228203609446936504,0.0,-2.2932718751293724954,2.5510282443938762644,3.3385350188505977973,0.0,2.1183825796807971848,0.0,0.0,-0.7145995944490083206,-1.6606264693123837844,-1.0855538888963265579,-2.10138405805637523,0.0,-0.17847683136639255392,0.0,0.0
-2.2528414578836977633,0.0,2.6579831152855335687,0.0,0.0,-0.38980021606067084063,14.8674599573021438475,-3.4910666257102649316,1.8464647203611390204,10.246953277559579606,7.049482238348875547,-5.2325500627331447668,12.231699418938794918,0.0,5.6699118040301002947,0.0,1.1810201725056616042,0.40928993844261367114,0.168272851113530007,0.0,6.2300622425955567226,0.0,0.0,5.2716164775488685325,0.0,-9.138995861688914405,10.166189548394451237,13.304509618885853864,0.0,8.442038573417957628,0.0,0.0,-2.8477751841201295812,-6.617819106162798358,-4.3260777781544809224,-8.374297185898582982,0.0,-0.7112540998536403657,0.0,0.0
-0.7085278774976836203,0.0,0.8359465902527626806,0.0,0.0,-0.122593766537415845914,4.6758771286216736928,-1.097954770790261665,0.58072072697952403786,3.222708828959250149,2.2170910741703872128,-1.645658453627445672,3.8469196299466181799,0.0,1.7832105149033974367,0.0,0.37143568766417089932,0.12872336415467078297,0.05292250176892303484,0.0,1.9593801250316696705,0.0,0.0,1.6579450012999263042,0.0,-2.8742516778900837338,3.1973083049215216545,4.1843228374676669154,0.0,2.6550557524790487918,0.0,0.0,-0.89563697424613675224,-2.0813312488300314239,-1.3605692026482258733,-2.633750808294055723,0.0,-0.22369233128558718704,0.0,0.0
0.0,0.0,0.0,0.0,0.0,0.0,0.0,0.0,0.0,0.0,0.0,0.0,0.0,0.0,0.0,0.0,0.0,0.0,0.0,0.0,0.0,0.0,0.0,0.0,0.0,0.0,0.0,0.0,0.0,0.0,0.0,0.0,0.0,0.0,0.0,0.0,0.0,0.0,0.0,0.0
-1.0202581324155864557,0.0,1.2037371203834523126,0.0,0.0,-0.17653121530657799885,6.73311780405972833,-1.581020760791332316,0.83621980613612181886,4.640600596783061079,3.1925422704849617849,-2.369697049072495849,5.5394447584245223655,0.0,2.5677677441070404347,0.0,0.53485585118700571563,0.18535764545287805908,0.076206758452773101934,0.0,2.821446509793208697,0.0,0.0,2.387389296026040937,0.0,-4.1388331244398915104,4.6040246312633489644,6.0252948954610557664,0.0,3.8231978014053369086,0.0,0.0,-1.2896894189878895727,-2.997052339519937145,-1.9591773842668324847,-3.7925193436399677544,0.0,-0.32211000780822201901,0.0,0.0
0.0,0.0,0.0,0.0,0.0,0.0,0.0,0.0,0.0,0.0,0.0,0.0,0.0,0.0,0.0,0.0,0.0,0.0,0.0,0.0,0.0,0.0,0.0,0.0,0.0,0.0,0.0,0.0,0.0,0.0,0.0,0.0,0.0,0.0,0.0,0.0,0.0,0.0,0.0,0.0
0.0,0.0,0.0,0.0,0.0,0.0,0.0,0.0,0.0,0.0,0.0,0.0,0.0,0.0,0.0,0.0,0.0,0.0,0.0,0.0,0.0,0.0,0.0,0.0,0.0,0.0,0.0,0.0,0.0,0.0,0.0,0.0,0.0,0.0,0.0,0.0,0.0,0.0,0.0,0.0
-0.23500980887165197843,0.0,0.27727299749451735273,0.0,0.0,-0.04066281448877530218,1.5509297872451051603,-0.3641778242296209784,0.19261778031551187705,1.0689320914478411565,0.7353812971085695942,-0.54584426518386178873,1.275974983752585709,0.0,0.5914685583937910886,0.0,0.12320055814085142022,0.042695925125972390575,0.017553729952940245824,0.0,0.6499018081220264548,0.0,0.0,0.54991955891880950607,0.0,-0.9533532256423910617,1.0605070562601947949,1.3878873951487953442,0.0,0.8806486868764331673,0.0,0.0,-0.29707154908193067385,-0.69035146607585885217,-0.4512837369226320044,-0.87358210414913207645,0.0,-0.07419594018959679831,0.0,0.0
-2.6819516441780834786,0.0,3.1642626964678452716,0.0,0.0,-0.46404744848177332294,17.69934077593523068,-4.1560278660506763124,2.1981702597666924006,12.1987426564775411604,8.392233023581013311,-6.2292205227678137556,14.561533503796407968,0.0,6.749888782430369359,0.0,1.4059750997455946888,0.48724947754773718965,0.20032463808545725504,0.0,7.4167339278978832067,0.0,0.0,6.275728116580295136,0.0,-10.879746948734740339,12.102595448485441257,15.8386873263924626044,0.0,10.050036656135584796,0.0,0.0,-3.3902054272719329582,-7.878348816129928226,-5.1500878454460008032,-9.96939222152581002,0.0,-0.8467302906982237225,0.0,0.0
0.0,0.0,0.0,0.0,0.0,0.0,0.0,0.0,0.0,0.0,0.0,0.0,0.0,0.0,0.0,0.0,0.0,0.0,0.0,0.0,0.0,0.0,0.0,0.0,0.0,0.0,0.0,0.0,0.0,0.0,0.0,0.0,0.0,0.0,0.0,0.0,0.0,0.0,0.0,0.0
-2.649125029959152743,0.0,3.1255326801941416045,0.0,0.0,-0.45836758971039764517,17.482703972343988688,-4.1051588193480160176,2.1712650442078929374,12.049432201902614149,8.289513574295457164,-6.1529759642839072617,14.383302906759804747,0.0,6.667271336451236325,0.0,1.3887662129631055264,0.48128563004043550352,0.19787269991302480121,0.0,7.325954415170996649,0.0,0.0,6.1989143133661015945,0.0,-10.746580768553607508,11.954461818746948315,15.64482459224272299,0.0,9.927025983324524477,0.0,0.0,-3.3487099118976851,-7.781919218739284776,-5.0870516802477760933,-9.847368622344352802,0.0,-0.8363664615588837146,0.0,0.0
-0.72544630568627634256,0.0,0.85590755834711482907,0.0,0.0,-0.12552109501862885544,4.787529039480364712,-1.1241720440040436497,0.59458734003606189864,3.2996615779294825469,2.2700313991980982458,-1.6849539496197505188,3.9387774602078591377,0.0,1.8257905177511120819,0.0,0.3803049336148319946,0.13179705689395469069,0.054186200169754303308,0.0,2.0061667554414413853,0.0,0.0,1.6975338789375895782,0.0,-2.9428838688774941058,3.2736545330256977442,4.284237276534768689,0.0,2.7184539214313687445,0.0,0.0,-0.9170232461389900758,-2.131029862516717334,-1.3930572572211951961,-2.696640251789405975,0.0,-0.22903371976639043201,0.0,0.0
-1.5530402870864989681,0.0,1.8323326064462083943,0.0,0.0,-0.26871639694784766616,10.249174081706530385,-2.4066350056094635856,1.2728965411079522559,7.063937501794954444,4.8596983515835612843,-3.6071606473610457611,8.432161042965477893,0.0,3.9086645112425939133,0.0,0.81415933702061149877,0.2821520179665244499,0.11600217853222392734,0.0,4.2948151632900470184,0.0,0.0,3.6340918439033210643,0.0,-6.3001454039525220086,7.0082614467002410453,9.171723720616235855,0.0,5.8196842763949017353,0.0,0.0,-1.9631694782722941629,-4.562122935262573393,-2.9822662624714547854,-5.772985427014015315,0.0,-0.4903169140298961912,0.0,0.0
-1.1044421980562655099,0.0,1.3030604989842759356,0.0,0.0,-0.19109725006271593128,7.2886842956900082945,-1.7114747618690899014,0.9052184064051803053,5.0235082285279932337,3.4559669661772406005,-2.5652267151338911464,5.996518283584302176,0.0,2.7796407215937554622,0.0,0.5789881532525847138,0.20065197116911815989,0.08249476984128552577,0.0,3.0542511605336409614,0.0,0.0,2.5843787939001383726,0.0,-4.4803386595133816495,4.9839142880621834296,6.522457137905527715,0.0,4.1386594717855394038,0.0,0.0,-1.3961049380165003427,-3.2443466691238936285,-2.1208340398510004726,-4.105449657277970189,0.0,-0.34868811503354282024,0.0,0.0
-0.0127320024447106815166,0.0,0.015021672920386295902,0.0,0.0,-0.0022029678504298117776,0.08402390494927638542,-0.019729869875062282728,0.010435351875934672044,0.05791097004370729826,0.039840364610884186875,-0.02957191681538590949,0.06912782360246083503,0.0,0.032043680081251389677,0.0,0.0066745716486059899055,0.0023131146129306814327,0.0009509991678546710701,0.0,0.03520938742752898579,0.0,0.0,0.029792701854297224824,0.0,-0.051649314800221059513,0.057454531356654580408,0.07519084327951689012,0.0,0.047710439356025088535,0.0,0.0,-0.016094288605761135084,-0.037400807208807857175,-0.024448960957604533425,-0.04732759683131632268,0.0,-0.0040196743123920890813,0.0,0.0
-1.1338604713496852688,0.0,1.3377692324466915442,0.0,0.0,-0.19618737713125768836,7.4828280063680584475,-1.7570621474000530994,0.92933009148632644706,5.1573159897840066554,3.5480212003263538942,-2.6335549089481098647,6.156243449813856501,0.0,2.8536801150081654932,0.0,0.59441026566010901085,0.2059966008247986846,0.084692126741211821724,0.0,3.1356051648495333628,0.0,0.0,2.6532171285694187146,0.0,-4.5996783835519989133,5.116667412540068926,6.696191378561321653,0.0,4.2488981204207164405,0.0,0.0,-1.4332920327192779969,-3.3307641178041915802,-2.177325249172889962,-4.214803718742422628,0.0,-0.3579758824515906849,0.0,0.0
-2.0927486284953222963,0.0,2.4690998559227891925,0.0,0.0,-0.36209998919074501655,13.810939214551434114,-3.242982264630410441,1.7152500889835186602,9.518777871751822579,6.5485275203366540733,-4.86071131592395125,11.362482740883879757,0.0,5.2669929834831697513,0.0,1.0970937779875172771,0.38020472072515158255,0.1563149404715088773,0.0,5.787337661070965403,0.0,0.0,4.8970015687243575392,0.0,-8.489554819068522314,9.443753425246268451,12.3590562310947935775,0.0,7.842125145735441594,0.0,0.0,-2.6454048020000889058,-6.1475395037617904834,-4.0186553320541119516,-7.7791976390849225387,0.0,-0.66071051594489211536,0.0,0.0
0.0,0.0,0.0,0.0,0.0,0.0,0.0,0.0,0.0,0.0,0.0,0.0,0.0,0.0,0.0,0.0,0.0,0.0,0.0,0.0,0.0,0.0,0.0,0.0,0.0,0.0,0.0,0.0,0.0,0.0,0.0,0.0,0.0,0.0,0.0,0.0,0.0,0.0,0.0,0.0
-2.311869400751505273,0.0,2.7276263984041147282,0.0,0.0,-0.40001358673660951975,15.257010484205822846,-3.5825379898442134047,1.8948449619620223321,10.515439357891693817,7.234189614607734819,-5.369650995901385412,12.552188928731271023,0.0,5.8184722936564742097,0.0,1.2119647341056067717,0.4200139700952690446,0.17268186099168775627,0.0,6.39329954313079932,0.0,0.0,5.409741011420888333,0.0,-9.378451738046793359,10.432559493667763459,13.653108421042810825,0.0,8.663233087064584523,0.0,0.0,-2.9223913140214823833,-6.7912162383671317066,-4.4394277305166312117,-8.59371677004971136,0.0,-0.72989006121866862995,0.0,0.0
0.0,0.0,0.0,0.0,0.0,0.0,0.0,0.0,0.0,0.0,0.0,0.0,0.0,0.0,0.0,0.0,0.0,0.0,0.0,0.0,0.0,0.0,0.0,0.0,0.0,0.0,0.0,0.0,0.0,0.0,0.0,0.0,0.0,0.0,0.0,0.0,0.0,0.0,0.0,0.0
-0.038116288476559334607,0.0,0.04497096359511219906,0.0,0.0,-0.0065951101137631465265,0.2515456161653601637,-0.05906607503639546727,0.031240716783146132363,0.17337031230781330208,0.11927164144950607897,-0.088530591871534838884,0.20695064092472996389,0.0,0.09593040522348962419,0.0,0.019981923465732673538,0.0069248607395954854095,0.0028470430146654136516,0.0,0.10540770582620891044,0.0,0.0,0.08919156458741333513,0.0,-0.15462455266490385939,0.1720038541451547633,0.22510173758476329134,0.0,0.14283258880405957629,0.0,0.0,-0.04818209468511717079,-0.111968244038418003975,-0.073193800649899817965,-0.14168645832095117386,0.0,-0.0120338545596653605225,0.0,0.0
0.0,0.0,0.0,0.0,0.0,0.0,0.0,0.0,0.0,0.0,0.0,0.0,0.0,0.0,0.0,0.0,0.0,0.0,0.0,0.0,0.0,0.0,0.0,0.0,0.0,0.0,0.0,0.0,0.0,0.0,0.0,0.0,0.0,0.0,0.0,0.0,0.0,0.0,0.0,0.0
0.0,0.0,0.0,0.0,0.0,0.0,0.0,0.0,0.0,0.0,0.0,0.0,0.0,0.0,0.0,0.0,0.0,0.0,0.0,0.0,0.0,0.0,0.0,0.0,0.0,0.0,0.0,0.0,0.0,0.0,0.0,0.0,0.0,0.0,0.0,0.0,0.0,0.0,0.0,0.0
0.0,0.0,0.0,0.0,0.0,0.0,0.0,0.0,0.0,0.0,0.0,0.0,0.0,0.0,0.0,0.0,0.0,0.0,0.0,0.0,0.0,0.0,0.0,0.0,0.0,0.0,0.0,0.0,0.0,0.0,0.0,0.0,0.0,0.0,0.0,0.0,0.0,0.0,0.0,0.0
0.0,0.0,0.0,0.0,0.0,0.0,0.0,0.0,0.0,0.0,0.0,0.0,0.0,0.0,0.0,0.0,0.0,0.0,0.0,0.0,0.0,0.0,0.0,0.0,0.0,0.0,0.0,0.0,0.0,0.0,0.0,0.0,0.0,0.0,0.0,0.0,0.0,0.0,0.0,0.0
0.0,0.0,0.0,0.0,0.0,0.0,0.0,0.0,0.0,0.0,0.0,0.0,0.0,0.0,0.0,0.0,0.0,0.0,0.0,0.0,0.0,0.0,0.0,0.0,0.0,0.0,0.0,0.0,0.0,0.0,0.0,0.0,0.0,0.0,0.0,0.0,0.0,0.0,0.0,0.0
0.0,0.0,0.0,0.0,0.0,0.0,0.0,0.0,0.0,0.0,0.0,0.0,0.0,0.0,0.0,0.0,0.0,0.0,0.0,0.0,0.0,0.0,0.0,0.0,0.0,0.0,0.0,0.0,0.0,0.0,0.0,0.0,0.0,0.0,0.0,0.0,0.0,0.0,0.0,0.0
-4.6016528638622140324,0.0,5.429195015809458027,0.0,0.0,-0.7962057313410361959,30.368266462543099162,-7.1308509881669491994,3.7715879378623463135,20.93042177048687592,14.399268984208555545,-10.688004207849331093,24.984463271523847239,0.0,11.581359087457019553,0.0,2.4123512287433613152,0.83601542877930869175,0.34371404367009390337,0.0,12.725522100259439523,0.0,0.0,10.767801247711372317,0.0,-18.667308492836145769,20.765453816657569517,27.175784863059399431,0.0,17.243703875503478001,0.0,0.0,-5.816864203108362925,-13.517554080793305552,-8.836444361173927402,-17.105335350372836981,0.0,-1.4528072777033429713,0.0,0.0
-0.88913689875640874636,0.0,1.0490355882796802485,0.0,0.0,-0.1538438286590939171,5.867792956561950318,-1.3778316010980787955,0.72875075579764920836,4.0442012583832219036,2.782244064849541257,-2.0651490228418824772,4.827528031241184348,0.0,2.2377641267279693002,0.0,0.46611740470050126847,0.16153590625987758567,0.06641284075290971254,0.0,2.4588406796474974202,0.0,0.0,2.080567502821123543,0.0,-3.6069197900162345274,4.012325952009313754,5.2509378237044471048,0.0,3.3318491943068287724,0.0,0.0,-1.1239414947302296324,-2.611878051157680146,-1.7073884032037657445,-3.3051134615256086693,0.0,-0.28071316885553090713,0.0,0.0
0.0,0.0,0.0,0.0,0.0,0.0,0.0,0.0,0.0,0.0,0.0,0.0,0.0,0.0,0.0,0.0,0.0,0.0,0.0,0.0,0.0,0.0,0.0,0.0,0.0,0.0,0.0,0.0,0.0,0.0,0.0,0.0,0.0,0.0,0.0,0.0,0.0,0.0,0.0,0.0
0.0,0.0,0.0,0.0,0.0,0.0,0.0,0.0,0.0,0.0,0.0,0.0,0.0,0.0,0.0,0.0,0.0,0.0,0.0,0.0,0.0,0.0,0.0,0.0,0.0,0.0,0.0,0.0,0.0,0.0,0.0,0.0,0.0,0.0,0.0,0.0,0.0,0.0,0.0,0.0
-0.46700099684995067368,0.0,0.5509845178429605552,0.0,0.0,-0.080803328985104749044,3.0819384099976300181,-0.7236779084347145036,0.38276145089541997767,2.1241341145197597457,1.4613168721058314588,-1.084677346828993299,2.535560503746851328,0.0,1.1753399047533213803,0.0,0.24481864710451259471,0.08484343564633699736,0.034881988227712515204,0.0,1.2914558490336355566,0.0,0.0,1.0927755885399013573,0.0,-1.8944609540458070727,2.1073922608498325216,2.75794784975952204,0.0,1.7499857415334590159,0.0,0.0,-0.5903273153708576333,-1.3718356028718927844,-0.8967708880616928057,-1.7359433439253891054,0.0,-0.14743885881667394074,0.0,0.0
-1.4767934218693493326,0.0,1.7423738214498529219,0.0,0.0,-0.25552370447870538533,9.745988555038054347,-2.2884807140399759855,1.2104033966530148718,6.7171318876198404693,4.6211103585416535154,-3.4300662770585801935,8.018182183641476374,0.0,3.7167677403437130127,0.0,0.77418799966944013723,0.2682997006354659537,0.110307025260936263795,0.0,4.0839602385267797634,0.0,0.0,3.4556752803970026573,0.0,-5.9908383360948174595,6.6641892610806689593,8.7214358638558201605,0.0,5.5339655565920247192,0.0,0.0,-1.8667872273719911383,-4.3381444747928878435,-2.8358512237586510256,-5.489559397815591436,0.0,-0.46624469390232907044,0.0,0.0
0.0,0.0,0.0,0.0,0.0,0.0,0.0,0.0,0.0,0.0,0.0,0.0,0.0,0.0,0.0,0.0,0.0,0.0,0.0,0.0,0.0,0.0,0.0,0.0,0.0,0.0,0.0,0.0,0.0,0.0,0.0,0.0,0.0,0.0,0.0,0.0,0.0,0.0,0.0,0.0
0.0,0.0,0.0,0.0,0.0,0.0,0.0,0.0,0.0,0.0,0.0,0.0,0.0,0.0,0.0,0.0,0.0,0.0,0.0,0.0,0.0,0.0,0.0,0.0,0.0,0.0,0.0,0.0,0.0,0.0,0.0,0.0,0.0,0.0,0.0,0.0,0.0,0.0,0.0,0.0
-1.5214281526927922617,0.0,1.7950354770088171311,0.0,0.0,-0.26324667480043058905,10.040552147562618009,-2.357647951077446718,1.2469867325464002218,6.9201510569021378746,4.760779193670835432,-3.5337368938935889418,8.260524408464729488,0.0,3.8291036467520059214,0.0,0.79758712405627824114,0.2764088137588949418,0.11364095423674679508,0.0,4.207394202438635083,0.0,0.0,3.5601199059415167916,0.0,-6.1719059468916452798,6.865608287885577238,8.985033288121409261,0.0,5.7012246053843899777,0.0,0.0,-1.9232091643636374489,-4.469260924824527543,-2.921562233946910662,-5.655476311063108284,0.0,-0.48033651345001263704,0.0,0.0
0.0,0.0,0.0,0.0,0.0,0.0,0.0,0.0,0.0,0.0,0.0,0.0,0.0,0.0,0.0,0.0,0.0,0.0,0.0,0.0,0.0,0.0,0.0,0.0,0.0,0.0,0.0,0.0,0.0,0.0,0.0,0.0,0.0,0.0,0.0,0.0,0.0,0.0,0.0,0.0
-3.0161213290145761057,0.0,3.558528070459173669,0.0,0.0,-0.52186750274895456377,19.904668803286952173,-4.673866629171051562,2.4720610528828755586,13.718699214145401792,9.437900595795546758,-7.0053779390989604613,16.375892488330197163,0.0,7.5909211746446562425,0.0,1.5811588160478056681,0.54796049174604590404,0.22528497669533439672,0.0,8.340854854754231477,0.0,0.0,7.0576803532619718285,0.0,-12.235357374020271202,13.610572117454572124,17.812178967665646203,0.0,11.302265639930426588,0.0,0.0,-3.8126231399930811282,-8.859986701597813801,-5.791785929723118222,-11.211572953572390185,0.0,-0.95223241449615339944,0.0,0.0
0.0,0.0,0.0,0.0,0.0,0.0,0.0,0.0,0.0,0.0,0.0,0.0,0.0,0.0,0.0,0.0,0.0,0.0,0.0,0.0,0.0,0.0,0.0,0.0,0.0,0.0,0.0,0.0,0.0,0.0,0.0,0.0,0.0,0.0,0.0,0.0,0.0,0.0,0.0,0.0
0.0,0.0,0.0,0.0,0.0,0.0,0.0,0.0,0.0,0.0,0.0,0.0,0.0,0.0,0.0,0.0,0.0,0.0,0.0,0.0,0.0,0.0,0.0,0.0,0.0,0.0,0.0,0.0,0.0,0.0,0.0,0.0,0.0,0.0,0.0,0.0,0.0,0.0,0.0,0.0
0.0,0.0,0.0,0.0,0.0,0.0,0.0,0.0,0.0,0.0,0.0,0.0,0.0,0.0,0.0,0.0,0.0,0.0,0.0,0.0,0.0,0.0,0.0,0.0,0.0,0.0,0.0,0.0,0.0,0.0,0.0,0.0,0.0,0.0,0.0,0.0,0.0,0.0,0.0,0.0
-1.1888872403317878176,0.0,1.4026917871747734968,0.0,0.0,-0.2057084405701796806,7.8459730832478358784,-1.842333179696549583,0.97443090727846920105,5.4076029013647054036,3.720208297299195778,-2.7613625371687759234,6.4550087694190544465,0.0,2.9921705204902930206,0.0,0.62325726861642042313,0.2159937103908387116,0.08880227451560614961,0.0,3.287777522370629466,0.0,0.0,2.781978973330934137,0.0,-4.822902886212722151,5.3649816300142425594,7.021160618920705946,0.0,4.45509909594513355,0.0,0.0,-1.5028503527782267298,-3.4924076288669945575,-2.2829918426493508179,-4.4193500773081047083,0.0,-0.37534861629544737696,0.0,0.0
-0.574779628251984098,0.0,0.67814561098277667946,0.0,0.0,-0.0994518378094682321,3.7932154867821795277,-0.8906947136944265055,0.47109853284863025273,2.6143606222179178221,1.7985725387588767701,-1.3350088038121134087,3.1207396420661038113,0.0,1.4465952708467067926,0.0,0.3013200655267515523,0.10442435611350851098,0.042932362803192596256,0.0,1.5895094824602877003,0.0,0.0,1.3449760295599976704,0.0,-2.3316814530359885936,2.5937549350918542455,3.3944515119150208825,0.0,2.1538629697787561445,0.0,0.0,-0.72656828821475601853,-1.6884399886942689034,-1.103735626142391774,-2.1365797431231901172,0.0,-0.18146610613718557582,0.0,0.0
-1.4180863227778106329,0.0,1.6731090813206075754,0.0,0.0,-0.24536584812796417868,9.3585554128174089986,-2.1975065384656037794,1.1622861237184594255,6.450105151518682789,4.4374069510681593965,-3.2937105499570016832,7.699434680423863262,0.0,3.569014744696975383,0.0,0.7434116358672895446,0.2576339589831917505,0.10592198036123088254,0.0,3.9216102071286125365,0.0,0.0,3.3183015163280592421,0.0,-5.752684011576420265,6.3992671578796681436,8.374731855090821636,0.0,5.313973335954443738,0.0,0.0,-1.7925766701490175871,-4.1656898350419203658,-2.7231173800560419796,-5.2713324591226325675,0.0,-0.44771002748217370723,0.0,0.0
-0.5188061431951551976,0.0,0.6121060866904201571,0.0,0.0,-0.08976696784559747308,3.4238226274485269393,-0.8039566234827204317,0.4252217734915004094,2.3597676129529423774,1.6234230237560452595,-1.2050022906060594512,2.8168341709333285785,0.0,1.3057221869793020113,0.0,0.27197676009963177494,0.09425524981747605105,0.038751501391790334247,0.0,1.4347190534140202044,0.0,0.0,1.2139988828554080693,0.0,-2.104616451853347104,2.3411685594369530457,3.0638912908505927424,0.0,1.9441143794885745043,0.0,0.0,-0.6558132418905928853,-1.5240154582634536849,-0.99625107634292243985,-1.9285142368905996787,0.0,-0.16379448055942986001,0.0,0.0
0.0,0.0,0.0,0.0,0.0,0.0,0.0,0.0,0.0,0.0,0.0,0.0,0.0,0.0,0.0,0.0,0.0,0.0,0.0,0.0,0.0,0.0,0.0,0.0,0.0,0.0,0.0,0.0,0.0,0.0,0.0,0.0,0.0,0.0,0.0,0.0,0.0,0.0,0.0,0.0
-3.228034679491816955,0.0,3.8085510383431258358,0.0,0.0,-0.5585340287102472852,21.303175227967975112,-5.002253530435068563,2.6457486082412210733,14.682578049752082235,10.101009575360246615,-7.4975773397506690777,17.526466310037474359,0.0,8.124260972302314667,0.0,1.692251383552306923,0.5864603168750965695,0.24111354889647104271,0.0,8.926885158347097065,0.0,0.0,7.5535545330801250686,0.0,-13.095016284446855206,14.566853919375403931,19.063666594515032263,0.0,12.096365319111428938,0.0,0.0,-4.0804988835617138467,-9.482491323364081268,-6.1987180878586691088,-11.999300544586703213,0.0,-1.0191364741729706759,0.0,0.0
-1.0181823357170057954,0.0,1.2012880210221613128,0.0,0.0,-0.17617204844253916221,6.7194187378481897172,-1.5778040477151347435,0.8345184501187428161,4.631158924041451519,3.1860467881216293902,-2.364875711065167585,5.5281743154099856064,0.0,2.5625434154429606037,0.0,0.5337676442177734515,0.18498052051139213248,0.07605170971306713498,0.0,2.8157060514090308657,0.0,0.0,2.3825319617285094374,0.0,-4.130412337716685034,4.5946573752463514967,6.0130359515187414574,0.0,3.81541919996906298,0.0,0.0,-1.2870654428066941044,-2.9909545970426296567,-1.9551912813219177422,-3.784803159977513598,0.0,-0.3214546492577294856,0.0,0.0
-1.6515336031475982159,0.0,1.9485385516727358566,0.0,0.0,-0.28575830451164678736,10.8991734092117567015,-2.5592630244845438635,1.3536232308009948276,7.511930148724525938,5.1678988597635938927,-3.8359256167426178407,8.966925987306313575,0.0,4.1565507588072566785,0.0,0.86579306060913541074,0.30004600829886026163,0.123358999426667366784,0.0,4.56719096114877182,0.0,0.0,3.8645647811174070514,0.0,-6.699698601420744934,7.4527231361027761795,9.753391492374060442,0.0,6.188766783511375188,0.0,0.0,-2.087673055876013435,-4.851451306141711996,-3.1714006307234190274,-6.1391063081057125426,0.0,-0.52141265519334460866,0.0,0.0
-0.3128928709826846487,0.0,0.36916222624314163535,0.0,0.0,-0.054138611612495690963,2.0649132738485514603,-0.48486761262660914304,0.2564519777902021804,1.4231798774037680834,0.9790891981233647786,-0.72673893937800646356,1.6988374991040198371,0.0,0.78748328089103241447,0.0,0.16402964850038682077,0.056845502134863020742,0.023371096669543071822,0.0,0.8652815113397920669,0.0,0.0,0.7321647995280478501,0.0,-1.2692977763952089802,1.4119627564646480202,1.8478380700524404498,0.0,1.1724987024451662072,0.0,0.0,-0.39552208618782921432,-0.91913632560566963756,-0.60084072554875194463,-1.1630902298022670894,0.0,-0.09878473095504418952,0.0,0.0
-0.12763653921504315887,0.0,0.15059016467397527792,0.0,0.0,-0.022084443798365406374,0.8423278652066796199,-0.19778917895686201968,0.104612939301534702,0.5805493543582805893,0.39939406877126854692,-0.29645431947266387418,0.6929967384471842351,0.0,0.32123339962002961379,0.0,0.06691164486265321898,0.023188649647555514832,0.0095336333077584789805,0.0,0.3529691718680447888,0.0,0.0,0.29866765852906705485,0.0,-0.5177771385574319041,0.5759736205228327688,0.7537776605474335277,0.0,0.47829046454213219874,0.0,0.0,-0.16134298651669265467,-0.37493784789245297555,-0.24509740534402335186,-0.47445252191446041223,0.0,-0.04029667133927361533,0.0,0.0
7.304210344676527796e-157,2.098574748486462387e-135,40.288424880683911002,-40.288424880683911002
0.0,0.0,0.0,0.0
9.318455740246687954e-157,2.677288165122858761e-135,51.398561429508295557,-51.398561429508295557
0.0,0.0,0.0,0.0
0.0,0.0,0.0,0.0
4.7401970369754652343e-158,1.3619073568845312842e-136,2.6145888909540152998,-2.6145888909540152998
9.816609306574864059e-159,2.8204128077376085516e-137,0.5414626742221493353,-0.5414626742221493353
2.6448566618469172152e-157,7.598945186406653995e-136,14.588450210590819314,-14.588450210590819314
1.7511745690989943316e-158,5.031304627722300209e-137,0.96590954738219958627,-0.96590954738219958627
2.3489005342859042259e-157,6.7486327958112193364e-136,12.956021015570420083,-12.956021015570420083
5.9743845641029842214e-157,1.7165021258063268522e-135,32.95339706291550941,-32.95339706291550941
1.04635280111542927256e-156,3.0062792044718451516e-135,57.714529342869121946,-57.714529342869121946
7.0372661786510085475e-158,2.021878944334926623e-136,3.8816019312832999292,-3.8816019312832999292
0.0,0.0,0.0,0.0
1.03959579917044856295e-157,2.9868656429941897537e-136,5.734182791118404326,-5.734182791118404326
0.0,0.0,0.0,0.0
8.3295196384179543565e-158,2.393156652853776399e-136,4.594380643612813571,-4.594380643612813571
7.4990281331221159553e-157,2.1545479026119950039e-135,41.36299714309575462,-41.36299714309575462
3.1747606720227990595e-157,9.12141390294259143e-136,17.51128469926402772,-17.51128469926402772
0.0,0.0,0.0,0.0
6.561228423735786255e-157,1.8851084017780071022e-135,36.19029929324877427,-36.19029929324877427
0.0,0.0,0.0,0.0
0.0,0.0,0.0,0.0
3.534120200874460806e-157,1.01538907858485250916e-135,19.4934331725551959,-19.4934331725551959
0.0,0.0,0.0,0.0
3.843031039715892566e-157,1.1041423394214431871e-135,21.197317718344962104,-21.197317718344962104
5.2867670553902957568e-157,1.518942544098316349e-135,29.160649450354659438,-29.160649450354659438
7.261061018692190826e-157,2.0861775033837201416e-135,40.050422646829966663,-40.050422646829966663
0.0,0.0,0.0,0.0
3.1742371832161828337e-157,9.119909865765621583e-136,17.508397249633472114,-17.508397249633472114
0.0,0.0,0.0,0.0
0.0,0.0,0.0,0.0
3.581530788275046956e-157,1.02901062791527321115e-135,19.754939591305819141,-19.754939591305819141
2.2314365539899413556e-157,6.4111467004313418395e-136,12.308115420985627956,-12.308115420985627956
4.351897996505961122e-158,1.2503450492923460296e-136,2.4004116426961125872,-2.4004116426961125872
3.255128801581427402e-157,9.352319804218761568e-136,17.954577703946420003,-17.954577703946420003
0.0,0.0,0.0,0.0
4.1102305350421452096e-157,1.180911502306884846e-135,22.671131626710044824,-22.671131626710044824
0.0,0.0,0.0,0.0
0.0,0.0,0.0,0.0
