100.371419217309079286,0.0,-641.38630323649340614,-679.3962685400121349,111.768375070201247845,0.0,-222.89500591652623174,340.15106488355605494,0.0,0.0,0.0,0.0,-394.46722652922035018,-113.18475752139043959,-287.23928741529736688,0.0,579.47673546801115324,0.0,-16.642143151902116658,0.0,-393.78860048219234785,0.0,0.0,12.724672950743415992,0.0,31.957201546111337606,0.0,0.0
-100.371419217309079286,0.0,641.38630323649340614,679.3962685400121349,-111.768375070201247845,0.0,222.89500591652623174,-340.15106488355605494,0.0,0.0,0.0,0.0,394.46722652922035018,113.18475752139043959,287.23928741529736688,0.0,-579.47673546801115324,0.0,16.642143151902116658,0.0,393.78860048219234785,0.0,0.0,-12.724672950743415992,0.0,-31.957201546111337606,0.0,0.0
-100.371419217309079286,0.0,641.38630323649340614,679.3962685400121349,-111.768375070201247845,0.0,222.89500591652623174,-340.15106488355605494,0.0,0.0,0.0,0.0,394.46722652922035018,113.18475752139043959,287.23928741529736688,0.0,-579.47673546801115324,0.0,16.642143151902116658,0.0,393.78860048219234785,0.0,0.0,-12.724672950743415992,0.0,-31.957201546111337606,0.0,0.0
-100.371419217309079286,0.0,641.38630323649340614,679.3962685400121349,-111.768375070201247845,0.0,222.89500591652623174,-340.15106488355605494,0.0,0.0,0.0,0.0,394.46722652922035018,113.18475752139043959,287.23928741529736688,0.0,-579.47673546801115324,0.0,16.642143151902116658,0.0,393.78860048219234785,0.0,0.0,-12.724672950743415992,0.0,-31.957201546111337606,0.0,0.0
100.371419217309079286,0.0,-641.38630323649340614,-679.3962685400121349,111.768375070201247845,0.0,-222.89500591652623174,340.15106488355605494,0.0,0.0,0.0,0.0,-394.46722652922035018,-113.18475752139043959,-287.23928741529736688,0.0,579.47673546801115324,0.0,-16.642143151902116658,0.0,-393.78860048219234785,0.0,0.0,12.724672950743415992,0.0,31.957201546111337606,0.0,0.0
100.371419217309079286,0.0,-641.38630323649340614,-679.3962685400121349,111.768375070201247845,0.0,-222.89500591652623174,340.15106488355605494,0.0,0.0,0.0,0.0,-394.46722652922035018,-113.18475752139043959,-287.23928741529736688,0.0,579.47673546801115324,0.0,-16.642143151902116658,0.0,-393.78860048219234785,0.0,0.0,12.724672950743415992,0.0,31.957201546111337606,0.0,0.0
-100.371419217309079286,0.0,641.38630323649340614,679.3962685400121349,-111.768375070201247845,0.0,222.89500591652623174,-340.15106488355605494,0.0,0.0,0.0,0.0,394.46722652922035018,113.18475752139043959,287.23928741529736688,0.0,-579.47673546801115324,0.0,16.642143151902116658,0.0,393.78860048219234785,0.0,0.0,-12.724672950743415992,0.0,-31.957201546111337606,0.0,0.0
100.371419217309079286,0.0,-641.38630323649340614,-679.3962685400121349,111.768375070201247845,0.0,-222.89500591652623174,340.15106488355605494,0.0,0.0,0.0,0.0,-394.46722652922035018,-113.18475752139043959,-287.23928741529736688,0.0,579.47673546801115324,0.0,-16.642143151902116658,0.0,-393.78860048219234785,0.0,0.0,12.724672950743415992,0.0,31.957201546111337606,0.0,0.0
-100.371419217309079286,0.0,641.38630323649340614,679.3962685400121349,-111.768375070201247845,0.0,222.89500591652623174,-340.15106488355605494,0.0,0.0,0.0,0.0,394.46722652922035018,113.18475752139043959,287.23928741529736688,0.0,-579.47673546801115324,0.0,16.642143151902116658,0.0,393.78860048219234785,0.0,0.0,-12.724672950743415992,0.0,-31.957201546111337606,0.0,0.0
-100.371419217309079286,0.0,641.38630323649340614,679.3962685400121349,-111.768375070201247845,0.0,222.89500591652623174,-340.15106488355605494,0.0,0.0,0.0,0.0,394.46722652922035018,113.18475752139043959,287.23928741529736688,0.0,-579.47673546801115324,0.0,16.642143151902116658,0.0,393.78860048219234785,0.0,0.0,-12.724672950743415992,0.0,-31.957201546111337606,0.0,0.0
100.371419217309079286,0.0,-641.38630323649340614,-679.3962685400121349,111.768375070201247845,0.0,-222.89500591652623174,340.15106488355605494,0.0,0.0,0.0,0.0,-394.46722652922035018,-113.18475752139043959,-287.23928741529736688,0.0,579.47673546801115324,0.0,-16.642143151902116658,0.0,-393.78860048219234785,0.0,0.0,12.724672950743415992,0.0,31.957201546111337606,0.0,0.0
100.371419217309079286,0.0,-641.38630323649340614,-679.3962685400121349,111.768375070201247845,0.0,-222.89500591652623174,340.15106488355605494,0.0,0.0,0.0,0.0,-394.46722652922035018,-113.18475752139043959,-287.23928741529736688,0.0,579.47673546801115324,0.0,-16.642143151902116658,0.0,-393.78860048219234785,0.0,0.0,12.724672950743415992,0.0,31.957201546111337606,0.0,0.0
-100.371419217309079286,0.0,641.38630323649340614,679.3962685400121349,-111.768375070201247845,0.0,222.89500591652623174,-340.15106488355605494,0.0,0.0,0.0,0.0,394.46722652922035018,113.18475752139043959,287.23928741529736688,0.0,-579.47673546801115324,0.0,16.642143151902116658,0.0,393.78860048219234785,0.0,0.0,-12.724672950743415992,0.0,-31.957201546111337606,0.0,0.0
-100.371419217309079286,0.0,641.38630323649340614,679.3962685400121349,-111.768375070201247845,0.0,222.89500591652623174,-340.15106488355605494,0.0,0.0,0.0,0.0,394.46722652922035018,113.18475752139043959,287.23928741529736688,0.0,-579.47673546801115324,0.0,16.642143151902116658,0.0,393.78860048219234785,0.0,0.0,-12.724672950743415992,0.0,-31.957201546111337606,0.0,0.0
0.0,-150.44541826108877705,-377.4829065855876073,414.6338455634613571,0.0,0.0,0.0,0.0,0.0,643.1832162868999961,-270.14793345301273456,0.0,0.0,37.91932871093678303,0.0,0.0,0.0,273.46488682595565117,-89.05827476324589085,248.96536341884929998,0.0,0.0,-195.64678295133313221,0.0,0.0,0.0,-668.76385522282452556,-128.16175276527344018
0.0,0.0,0.0,0.0,0.0,0.0,0.0,0.0,0.0,0.0,0.0,0.0,0.0,0.0,0.0,0.0,0.0,0.0,0.0,0.0,0.0,0.0,0.0,0.0,0.0,0.0,0.0,0.0
0.0,-68.040482839727556195,-170.72051462048477494,187.52240766063704308,0.0,0.0,0.0,0.0,0.0,290.88620375678356134,-122.177172576957353466,0.0,0.0,17.149405174792132224,0.0,0.0,0.0,123.67729874670373184,-40.277517825424007613,112.59713810618613437,0.0,0.0,-88.48326344472715508,0.0,0.0,0.0,-302.45530997927068104,-57.96246665751989632
0.0,-275.35567303935175756,-690.89548226281086873,758.8917158772055574,0.0,0.0,0.0,0.0,0.0,1177.1986774694656135,-494.4435456788100434,0.0,0.0,69.402593971191427036,0.0,0.0,0.0,500.51446454761730717,-163.00065146948806927,455.67373204222648425,0.0,0.0,-358.08635597034917264,0.0,0.0,0.0,-1224.0181428436394473,-234.57055787063670685
0.0,-25.91620636253214044,-65.026406376981625644,71.42614531380664052,0.0,0.0,0.0,0.0,0.0,110.79678700005769452,-46.536542439795068705,0.0,0.0,6.532104196725143382,0.0,0.0,0.0,47.107931380061115356,-15.341461732319991479,42.88756553747783,0.0,0.0,-33.70273724343587501,0.0,0.0,0.0,-115.20338924299426772,-22.077551253069401008
0.0,0.0,0.0,0.0,0.0,0.0,0.0,0.0,0.0,0.0,0.0,0.0,0.0,0.0,0.0,0.0,0.0,0.0,0.0,0.0,0.0,0.0,0.0,0.0,0.0,0.0,0.0,0.0
0.0,-172.35795223370734441,-432.46369038243693356,475.0257028371683654,0.0,0.0,0.0,0.0,0.0,736.8635306521131214,-309.49526511550773192,0.0,0.0,43.44231896349005198,0.0,0.0,0.0,313.29533624843498238,-102.029706488110579896,285.22743139657424616,0.0,0.0,-224.14294340345531459,0.0,0.0,0.0,-766.17001665073755096,-146.82864733686936079
0.0,-26.314410191551027994,-66.02554041860925,72.52361166972889431,0.0,0.0,0.0,0.0,0.0,112.499185268123590806,-47.25157878151895778,0.0,0.0,6.6324703099710542605,0.0,0.0,0.0,47.83174714191656853,-15.577184072198738852,43.546535163488075758,0.0,0.0,-34.220581515510978928,0.0,0.0,0.0,-116.973495178669935124,-22.416773951073647604
0.0,0.0,0.0,0.0,0.0,0.0,0.0,0.0,0.0,0.0,0.0,0.0,0.0,0.0,0.0,0.0,0.0,0.0,0.0,0.0,0.0,0.0,0.0,0.0,0.0,0.0,0.0,0.0
0.0,0.0,0.0,0.0,0.0,0.0,0.0,0.0,0.0,0.0,0.0,0.0,0.0,0.0,0.0,0.0,0.0,0.0,0.0,0.0,0.0,0.0,0.0,0.0,0.0,0.0,0.0,0.0
0.0,0.0,0.0,0.0,0.0,0.0,0.0,0.0,0.0,0.0,0.0,0.0,0.0,0.0,0.0,0.0,0.0,0.0,0.0,0.0,0.0,0.0,0.0,0.0,0.0,0.0,0.0,0.0
0.0,0.0,0.0,0.0,0.0,0.0,0.0,0.0,0.0,0.0,0.0,0.0,0.0,0.0,0.0,0.0,0.0,0.0,0.0,0.0,0.0,0.0,0.0,0.0,0.0,0.0,0.0,0.0
0.0,-103.77625054514892869,-260.38520244168110182,286.0116734629825371,0.0,0.0,0.0,0.0,0.0,443.66351179926585274,-186.34625068887877065,0.0,0.0,26.156501156990144122,0.0,0.0,0.0,188.63426310066074042,-61.43180657658955228,171.73465453351706522,0.0,0.0,-134.9558517672798835,0.0,0.0,0.0,-461.30886667948222288,-88.40512605171440861
0.0,-146.11890738372729984,-366.62724929646843386,402.7098011911741248,0.0,0.0,0.0,0.0,0.0,624.68654677336027736,-262.37901641924300525,0.0,0.0,36.828844267964913294,0.0,0.0,0.0,265.60058081315544468,-86.49713598656645823,241.80561495081304023,0.0,0.0,-190.02037076581393125,0.0,0.0,0.0,-649.5315374330836367,-124.47607576819547653
0.0,-182.9492824402923347,-459.03841866064259403,504.21585049302827455,0.0,0.0,0.0,0.0,0.0,782.14351262674418597,-328.51363071878535224,0.0,0.0,46.111832839230622014,0.0,0.0,0.0,332.54721476861457627,-108.299392906937686804,302.75454790467112237,0.0,0.0,-237.91644150027024135,0.0,0.0,0.0,-813.250870974938039,-155.8512115271328871
0.0,0.0,0.0,0.0,0.0,0.0,0.0,0.0,0.0,0.0,0.0,0.0,0.0,0.0,0.0,0.0,0.0,0.0,0.0,0.0,0.0,0.0,0.0,0.0,0.0,0.0,0.0,0.0
0.0,-487.16380321438482048,-1222.3436947844765104,1342.6437539995568318,0.0,0.0,0.0,0.0,0.0,2082.7193372297441112,-874.7776849081677306,0.0,0.0,122.788215179127319476,0.0,0.0,0.0,885.5184548094707968,-288.38344392835449706,806.1854904832802407,0.0,0.0,-633.53229344493922265,0.0,0.0,0.0,-2165.5531084187875672,-415.0061040436530519
0.0,0.0,0.0,0.0,0.0,0.0,0.0,0.0,0.0,0.0,0.0,0.0,0.0,0.0,0.0,0.0,0.0,0.0,0.0,0.0,0.0,0.0,0.0,0.0,0.0,0.0,0.0,0.0
0.0,-51.80791641710166706,-129.99134901756487427,142.78477778149244698,0.0,0.0,0.0,0.0,0.0,221.48884755297822562,-93.02909798354625644,0.0,0.0,13.058034170502355767,0.0,0.0,0.0,94.171335780423690145,-30.668422531674157978,85.73459323548654286,0.0,0.0,-67.37361825686843271,0.0,0.0,0.0,-230.29788686575073722,-44.13423454085907432
0.0,0.0,0.0,0.0,0.0,0.0,0.0,0.0,0.0,0.0,0.0,0.0,0.0,0.0,0.0,0.0,0.0,0.0,0.0,0.0,0.0,0.0,0.0,0.0,0.0,0.0,0.0,0.0
0.0,-87.18324387787435971,-218.75165548389481278,240.28065524099619092,0.0,0.0,0.0,0.0,0.0,372.72520394328025714,-156.55095008918175441,0.0,0.0,21.974282240710356818,0.0,0.0,0.0,158.47312730260118434,-51.609343626219241145,144.27563329592669712,0.0,0.0,-113.37747197037295248,0.0,0.0,0.0,-387.54920528994922865,-74.26984135708041898
0.0,0.0,0.0,0.0,0.0,0.0,0.0,0.0,0.0,0.0,0.0,0.0,0.0,0.0,0.0,0.0,0.0,0.0,0.0,0.0,0.0,0.0,0.0,0.0,0.0,0.0,0.0,0.0
0.0,0.0,0.0,0.0,0.0,0.0,0.0,0.0,0.0,0.0,0.0,0.0,0.0,0.0,0.0,0.0,0.0,0.0,0.0,0.0,0.0,0.0,0.0,0.0,0.0,0.0,0.0,0.0
0.0,-33.336469708242416406,-83.64460431045547418,91.87670048316405622,0.0,0.0,0.0,0.0,0.0,142.519845764846357,-59.860768805013870462,0.0,0.0,8.402359922555229609,0.0,0.0,0.0,60.595756396652367813,-19.73399066072556102,55.16702596825210689,0.0,0.0,-43.352420623759809738,0.0,0.0,0.0,-148.18813533365866741,-28.398740474769390214
0.0,0.0,0.0,0.0,0.0,0.0,0.0,0.0,0.0,0.0,0.0,0.0,0.0,0.0,0.0,0.0,0.0,0.0,0.0,0.0,0.0,0.0,0.0,0.0,0.0,0.0,0.0,0.0
0.0,-366.09629303334816217,-918.57295743369320395,1008.9766480193667094,0.0,0.0,0.0,0.0,0.0,1565.1323512907638018,-657.38231280750899826,0.0,0.0,92.273502482444422663,0.0,0.0,0.0,665.4538403291479579,-216.71583376628745896,605.83630724575481463,0.0,0.0,-476.0900186277614585,0.0,0.0,0.0,-1627.380688236553403,-311.87086412028236038
0.0,0.0,0.0,0.0,0.0,0.0,0.0,0.0,0.0,0.0,0.0,0.0,0.0,0.0,0.0,0.0,0.0,0.0,0.0,0.0,0.0,0.0,0.0,0.0,0.0,0.0,0.0,0.0
0.0,0.0,0.0,0.0,0.0,0.0,0.0,0.0,0.0,0.0,0.0,0.0,0.0,0.0,0.0,0.0,0.0,0.0,0.0,0.0,0.0,0.0,0.0,0.0,0.0,0.0,0.0,0.0
0.0,0.0,0.0,0.0,0.0,0.0,0.0,0.0,0.0,0.0,0.0,0.0,0.0,0.0,0.0,0.0,0.0,0.0,0.0,0.0,0.0,0.0,0.0,0.0,0.0,0.0,0.0,0.0
354.21766256376765136,0.0,0.0,0.0,-94.30392636318973222,-38.654516430802953186,-397.93063388800800517,-91.081603792027399646,-220.96045183929425486,0.0,-33.975172799614872007,0.0,137.42321511667246928,-97.81999334805576874,0.0,-184.64615560459138775,0.0,257.2497818758929882,34.528156971551299783,114.255482007900349646,249.61287137824783254,0.0,-87.18836482769558637,0.0,0.0,255.54009138009161496,0.0,0.0
833.53177104176910167,0.0,0.0,0.0,-221.9124766076600699,-90.96036404884248302,-936.3955021772337267,-214.32982750945120122,-519.9558808523279154,0.0,-79.949107422092363956,0.0,323.37917609580772565,-230.18635408679135078,0.0,-434.5024355453814768,0.0,605.350576634557551,81.25036911767271462,268.8617320208629689,587.3796841434365493,0.0,-205.16840301824837557,0.0,0.0,601.32739682871698195,0.0,0.0
510.9614332867224741,0.0,0.0,0.0,-136.0340673876655886,-55.759407861070717803,-574.01769739109728136,-131.3858447452476488,-318.73698322754443893,0.0,-49.009422241134197255,0.0,198.23394026898260202,-141.10601838275705544,0.0,-266.353359219122709,0.0,371.0845933221633474,49.80710574181689432,164.81432468690708516,360.06829699883502552,0.0,-125.76982055564480077,0.0,0.0,368.61835293231804858,0.0,0.0
0.0,0.0,0.0,0.0,0.0,0.0,0.0,0.0,0.0,0.0,0.0,0.0,0.0,0.0,0.0,0.0,0.0,0.0,0.0,0.0,0.0,0.0,0.0,0.0,0.0,0.0,0.0,0.0
0.0,0.0,0.0,0.0,0.0,0.0,0.0,0.0,0.0,0.0,0.0,0.0,0.0,0.0,0.0,0.0,0.0,0.0,0.0,0.0,0.0,0.0,0.0,0.0,0.0,0.0,0.0,0.0
0.0,0.0,0.0,0.0,0.0,0.0,0.0,0.0,0.0,0.0,0.0,0.0,0.0,0.0,0.0,0.0,0.0,0.0,0.0,0.0,0.0,0.0,0.0,0.0,0.0,0.0,0.0,0.0
0.0,0.0,0.0,0.0,0.0,0.0,0.0,0.0,0.0,0.0,0.0,0.0,0.0,0.0,0.0,0.0,0.0,0.0,0.0,0.0,0.0,0.0,0.0,0.0,0.0,0.0,0.0,0.0
0.0,0.0,0.0,0.0,0.0,0.0,0.0,0.0,0.0,0.0,0.0,0.0,0.0,0.0,0.0,0.0,0.0,0.0,0.0,0.0,0.0,0.0,0.0,0.0,0.0,0.0,0.0,0.0
1282.2810057681781596,0.0,0.0,0.0,-341.38369235924226439,-139.93077546619946473,-1440.5235745578462769,-329.7187657783558788,-799.88498701268049235,0.0,-122.99137889769947887,0.0,497.47710834148630812,-354.11198455413148356,0.0,-668.4258949883929683,0.0,931.25370047881406504,124.99320200000419303,413.60905981712181237,903.6078027474464932,0.0,-315.62509710371564212,0.0,0.0,925.06455781257614707,0.0,0.0
1030.1340283060310159,0.0,0.0,0.0,-274.2542052998258087,-112.414870661386847396,-1157.259872098078563,-264.8830629725136431,-642.5960769490316095,0.0,-98.80642700068664082,0.0,399.6535044195293382,-284.4796136566488977,0.0,-536.9870229154300031,0.0,748.13252441062223463,100.41461279386062457,332.27721928083441733,725.92289963411757747,0.0,-253.56076495818711397,0.0,0.0,743.1604110923617596,0.0,0.0
0.0,0.0,0.0,0.0,0.0,0.0,0.0,0.0,0.0,0.0,0.0,0.0,0.0,0.0,0.0,0.0,0.0,0.0,0.0,0.0,0.0,0.0,0.0,0.0,0.0,0.0,0.0,0.0
0.0,0.0,0.0,0.0,0.0,0.0,0.0,0.0,0.0,0.0,0.0,0.0,0.0,0.0,0.0,0.0,0.0,0.0,0.0,0.0,0.0,0.0,0.0,0.0,0.0,0.0,0.0,0.0
173.5656134195909443,0.0,0.0,0.0,-46.208646707887817844,-18.940599424632514372,-194.98484087248203737,-44.62971812016133998,-108.26997187937506547,0.0,-16.647734800463738346,0.0,67.33697144626078529,-47.931509194855932608,0.0,-90.47607347166291549,0.0,126.05163692340530445,16.91869541919401443,55.9848503254188749,122.30957322855589142,0.0,-42.722042471966760965,0.0,0.0,125.2138936061646262,0.0,0.0
0.0,0.0,0.0,0.0,0.0,0.0,0.0,0.0,0.0,0.0,0.0,0.0,0.0,0.0,0.0,0.0,0.0,0.0,0.0,0.0,0.0,0.0,0.0,0.0,0.0,0.0,0.0,0.0
0.0,0.0,0.0,0.0,0.0,0.0,0.0,0.0,0.0,0.0,0.0,0.0,0.0,0.0,0.0,0.0,0.0,0.0,0.0,0.0,0.0,0.0,0.0,0.0,0.0,0.0,0.0,0.0
0.0,0.0,0.0,0.0,0.0,0.0,0.0,0.0,0.0,0.0,0.0,0.0,0.0,0.0,0.0,0.0,0.0,0.0,0.0,0.0,0.0,0.0,0.0,0.0,0.0,0.0,0.0,0.0
1483.7343655748278467,0.0,0.0,0.0,-395.01693772402808194,-161.914665683093261,-1666.8377074740656736,-381.51938737265257848,-925.5512936706885185,0.0,-142.31399725883711523,0.0,575.6334831543933038,-409.74491424374676776,0.0,-773.43925923651235427,0.0,1077.5587505808735302,144.63031772005440664,478.58930546671897532,1045.5695310988117049,0.0,-365.21152625989920532,0.0,0.0,1070.3972597484944647,0.0,0.0
1784.9351089630674808,0.0,0.0,0.0,-475.20608616862063076,-194.783633876272493,-2005.2087584163498023,-458.9685088325769836,-1113.4398700666087472,0.0,-171.20399452752399486,0.0,692.4881149995576391,-492.923868397008188,0.0,-930.4488192040968765,0.0,1296.3051139797696009,173.99053220621049567,575.7437947936477535,1257.8220254386907843,0.0,-439.35012259875148458,0.0,0.0,1287.6898276348461079,0.0,0.0
1394.4765241516342353,0.0,0.0,0.0,-371.25368197899648143,-152.17427421616656585,-1566.5648154902771307,-358.56811134367877603,-869.87238475259236775,0.0,-133.75273420909381356,0.0,541.0047764604091124,-385.0956593447006463,0.0,-726.91103939261918004,0.0,1012.73544371741080766,135.92971047959234868,449.7985398651990322,982.6706176753266398,0.0,-343.24129138958972787,0.0,0.0,1006.0047707105813305,0.0,0.0
0.0,0.0,0.0,0.0,0.0,0.0,0.0,0.0,0.0,0.0,0.0,0.0,0.0,0.0,0.0,0.0,0.0,0.0,0.0,0.0,0.0,0.0,0.0,0.0,0.0,0.0,0.0,0.0
0.0,0.0,0.0,0.0,0.0,0.0,0.0,0.0,0.0,0.0,0.0,0.0,0.0,0.0,0.0,0.0,0.0,0.0,0.0,0.0,0.0,0.0,0.0,0.0,0.0,0.0,0.0,0.0
249.52850471173749351,0.0,0.0,0.0,-66.432366933753052796,-27.230160166271058562,-280.32209160431973552,-64.16240296001623241,-155.65551065078014185,0.0,-23.933798231996951921,0.0,96.80773435336392787,-68.909259053840327784,0.0,-130.07391775809595112,0.0,181.21951611420919205,24.323347732588878271,80.48723311593113738,175.83969726694403532,0.0,-61.419812174949713332,0.0,0.0,180.01512526071699896,0.0,0.0
0.0,0.0,0.0,0.0,0.0,0.0,0.0,0.0,0.0,0.0,0.0,0.0,0.0,0.0,0.0,0.0,0.0,0.0,0.0,0.0,0.0,0.0,0.0,0.0,0.0,0.0,0.0,0.0
0.0,0.0,0.0,0.0,0.0,0.0,0.0,0.0,0.0,0.0,0.0,0.0,0.0,0.0,0.0,0.0,0.0,0.0,0.0,0.0,0.0,0.0,0.0,0.0,0.0,0.0,0.0,0.0
0.0,0.0,0.0,0.0,0.0,0.0,0.0,0.0,0.0,0.0,0.0,0.0,0.0,0.0,0.0,0.0,0.0,0.0,0.0,0.0,0.0,0.0,0.0,0.0,0.0,0.0,0.0,0.0
516.3152652736992639,0.0,0.0,0.0,-137.45942651235310232,-56.343652545569184426,-580.0322302093867554,-132.76249999241256591,-322.0766956697524624,0.0,-49.52294086575923553,0.0,200.3110269944712906,-142.58452119247619848,0.0,-269.14419829528026726,0.0,374.97280177817735544,50.328982459955894913,166.54124211342368785,363.84107717437301166,0.0,-127.087631342176895326,0.0,0.0,372.48072022728435262,0.0,0.0
718.7642294582086645,0.0,0.0,0.0,-191.35773319920003932,-78.43618953491360488,-807.46483214354245983,-184.81912588311134457,-448.36405886004297583,0.0,-68.94105370487691153,0.0,278.85365909787995786,-198.4923948612105359,0.0,-374.67654999180731829,0.0,522.00090732356324685,70.063146938081844774,231.84262719254057164,506.50439580137722648,0.0,-176.9191220153175826,0.0,0.0,518.53167215631499654,0.0,0.0
283.5849230895671332,-233.10042607878594553,1526.8496038535298879,0.0,0.0,0.0,0.0,-478.08276465102846153,0.0,0.0,0.0,1274.8432285091459192,0.0,-20.79960471451780569,0.0,-404.2735283270284889,0.0,0.0,0.0,0.0,-386.76210445486061318,-1336.7469281645908699,-173.59014498793215038,-647.0285865124224022,0.0,0.0,0.0,0.0
0.0,0.0,0.0,0.0,0.0,0.0,0.0,0.0,0.0,0.0,0.0,0.0,0.0,0.0,0.0,0.0,0.0,0.0,0.0,0.0,0.0,0.0,0.0,0.0,0.0,0.0,0.0,0.0
0.0,0.0,0.0,0.0,0.0,0.0,0.0,0.0,0.0,0.0,0.0,0.0,0.0,0.0,0.0,0.0,0.0,0.0,0.0,0.0,0.0,0.0,0.0,0.0,0.0,0.0,0.0,0.0
0.0,0.0,0.0,0.0,0.0,0.0,0.0,0.0,0.0,0.0,0.0,0.0,0.0,0.0,0.0,0.0,0.0,0.0,0.0,0.0,0.0,0.0,0.0,0.0,0.0,0.0,0.0,0.0
272.51068537782359832,-223.99765185164599254,1467.2247998303096028,0.0,0.0,0.0,0.0,-459.41321718724862402,0.0,0.0,0.0,1225.0594924631436502,0.0,-19.987362073373863563,0.0,-388.4862956896827442,0.0,0.0,0.0,0.0,-371.65870813899038724,-1284.5457988462239245,-166.81129895807736722,-621.76155787328389923,0.0,0.0,0.0,0.0
112.937457638360420016,-92.83204906997806695,608.06657341544437695,0.0,0.0,0.0,0.0,-190.39605981927513147,0.0,0.0,0.0,507.70524591615400078,0.0,-8.28342512270503787,0.0,-161.00159339332659121,0.0,0.0,0.0,0.0,-154.02768353167396823,-532.3583423548757923,-69.132129566068164915,-257.6785915976759897,0.0,0.0,0.0,0.0
161.86319318166031582,-133.04790285060796581,871.4876295092344688,0.0,0.0,0.0,0.0,-272.87770466940793537,0.0,0.0,0.0,727.64868288619844994,0.0,-11.8718950194148249655,0.0,-230.7492355408530965,0.0,0.0,0.0,0.0,-220.75415204266791264,-762.98176895729427455,-99.0809203341874804,-369.3077613284786797,0.0,0.0,0.0,0.0
81.024578065547804416,-66.60038010542556951,436.24443631902077054,0.0,0.0,0.0,0.0,-136.59560552175651849,0.0,0.0,0.0,364.24233546806065592,0.0,-5.9427672584402784863,0.0,-115.50717047613326519,0.0,0.0,0.0,0.0,-110.503887102985695876,-381.92917541227963887,-49.597376689670401147,-184.8660275989316259,0.0,0.0,0.0,0.0
89.88562795931036162,-73.8839637432237726,483.9532156596791065,0.0,0.0,0.0,0.0,-151.53404154567275643,0.0,0.0,0.0,404.076785520883194,0.0,-6.59268310424026866,0.0,-128.13932265899738838,0.0,0.0,0.0,0.0,-122.588867740368553556,-423.69790238391475462,-55.021469476569804264,-205.0834373445351418,0.0,0.0,0.0,0.0
0.0,0.0,0.0,0.0,0.0,0.0,0.0,0.0,0.0,0.0,0.0,0.0,0.0,0.0,0.0,0.0,0.0,0.0,0.0,0.0,0.0,0.0,0.0,0.0,0.0,0.0,0.0,0.0
218.41646859587588736,-179.53342278440573229,1175.9761235450843764,0.0,0.0,0.0,0.0,-368.21826779081138287,0.0,0.0,0.0,981.88138124814412977,0.0,-16.0198086712115581,0.0,-311.37056033157231866,0.0,0.0,0.0,0.0,-297.88330113395830795,-1029.5594711989686143,-133.69873841753996166,-498.3399590040602788,0.0,0.0,0.0,0.0
0.0,0.0,0.0,0.0,0.0,0.0,0.0,0.0,0.0,0.0,0.0,0.0,0.0,0.0,0.0,0.0,0.0,0.0,0.0,0.0,0.0,0.0,0.0,0.0,0.0,0.0,0.0,0.0
258.97258315662260345,-212.8696364350315984,1394.3343027327585485,0.0,0.0,0.0,0.0,-436.58995399142707947,0.0,0.0,0.0,1164.1995646660947691,0.0,-18.994406694371644806,0.0,-369.18662244828023386,0.0,0.0,0.0,0.0,-353.19501532926023235,-1220.7306412553074509,-158.52425357556427751,-590.8729653176149115,0.0,0.0,0.0,0.0
312.63486177903030516,-256.97882205379959078,1683.2573807435840151,0.0,0.0,0.0,0.0,-527.056718732554055,0.0,0.0,0.0,1405.4359173707154912,0.0,-22.930279487841255491,0.0,-445.68659459206360463,0.0,0.0,0.0,0.0,-426.3813313848933899,-1473.680922692377562,-191.3724128675321704,-713.3090522146816768,0.0,0.0,0.0,0.0
0.0,0.0,0.0,0.0,0.0,0.0,0.0,0.0,0.0,0.0,0.0,0.0,0.0,0.0,0.0,0.0,0.0,0.0,0.0,0.0,0.0,0.0,0.0,0.0,0.0,0.0,0.0,0.0
48.064764945234015957,-39.50815532097985171,258.78550423770205763,0.0,0.0,0.0,0.0,-81.03017416078102484,0.0,0.0,0.0,216.07298248702141842,0.0,-3.5253218001343697373,0.0,-68.52025806210391087,0.0,0.0,0.0,0.0,-65.55224952659275957,-226.565031009077659,-29.421766942873857275,-109.66477549211682012,0.0,0.0,0.0,0.0
0.0,0.0,0.0,0.0,0.0,0.0,0.0,0.0,0.0,0.0,0.0,0.0,0.0,0.0,0.0,0.0,0.0,0.0,0.0,0.0,0.0,0.0,0.0,0.0,0.0,0.0,0.0,0.0
30.99843800257220036,-25.480018568879411233,166.89869217538385501,0.0,0.0,0.0,0.0,-52.25883935815779471,0.0,0.0,0.0,139.35207962187178105,0.0,-2.2735879263135223083,0.0,-44.190811582632919256,0.0,0.0,0.0,0.0,-42.27665203802725301,-146.11872283757296115,-18.974997995808112732,-70.726170158779946576,0.0,0.0,0.0,0.0
41.90460004236229172,-34.444638375400000615,225.61855996171372361,0.0,0.0,0.0,0.0,-70.64503578534989845,0.0,0.0,0.0,188.38023906693008099,0.0,-3.0735030166812391107,0.0,-59.738438587259275664,0.0,0.0,0.0,0.0,-57.150821426442497828,-197.52758634809932492,-25.650960275901180312,-95.60971661816654936,0.0,0.0,0.0,0.0
44.99022848253474221,-36.980955526145871618,242.23189225804487529,0.0,0.0,0.0,0.0,-75.84695470012085311,0.0,0.0,0.0,202.25154251914736936,0.0,-3.2998191802919210303,0.0,-64.137254585741510046,0.0,0.0,0.0,0.0,-61.35909927169995722,-212.07245105360089144,-27.53975846190082306,-102.649899807019443165,0.0,0.0,0.0,0.0
278.13992905659873728,-228.62476349682100844,1497.533211107231298,0.0,0.0,0.0,0.0,-468.9032999163404838,0.0,0.0,0.0,1250.3655034715208931,0.0,-20.400240311344366023,0.0,-396.51124348675683487,0.0,0.0,0.0,0.0,-379.33604904968702784,-1311.080616401090762,-170.25711411540272737,-634.60526458706251907,0.0,0.0,0.0,0.0
0.0,0.0,0.0,0.0,0.0,0.0,0.0,0.0,0.0,0.0,0.0,0.0,0.0,0.0,0.0,0.0,0.0,0.0,0.0,0.0,0.0,0.0,0.0,0.0,0.0,0.0,0.0,0.0
458.6451864485235988,-376.9960236791876963,2469.391579809340875,0.0,0.0,0.0,0.0,-773.20880229567945036,0.0,0.0,0.0,2061.818745023845331,0.0,-33.639442035261589225,0.0,-653.8362680063574036,0.0,0.0,0.0,0.0,-625.5148389990300528,-2161.9363167233736294,-280.74935559416348266,-1046.4468402108507389,0.0,0.0,0.0,0.0
0.0,0.0,0.0,0.0,0.0,0.0,0.0,0.0,0.0,0.0,0.0,0.0,0.0,0.0,0.0,0.0,0.0,0.0,0.0,0.0,0.0,0.0,0.0,0.0,0.0,0.0,0.0,0.0
0.0,0.0,0.0,0.0,0.0,0.0,0.0,0.0,0.0,0.0,0.0,0.0,0.0,0.0,0.0,0.0,0.0,0.0,0.0,0.0,0.0,0.0,0.0,0.0,0.0,0.0,0.0,0.0
175.82170731600061406,-144.5214874004954202,946.6416664171488236,0.0,0.0,0.0,0.0,-296.40972095243921572,0.0,0.0,0.0,790.3985534729101629,0.0,-12.895685611782071183,0.0,-250.64824038854788488,0.0,0.0,0.0,0.0,-239.7912159417076915,-828.7786409755157079,-107.625311432267599374,-401.15556752268652854,0.0,0.0,0.0,0.0
0.0,0.0,0.0,0.0,0.0,0.0,0.0,0.0,0.0,0.0,0.0,0.0,0.0,0.0,0.0,0.0,0.0,0.0,0.0,0.0,0.0,0.0,0.0,0.0,0.0,0.0,0.0,0.0
0.0,0.0,0.0,0.0,0.0,0.0,0.0,0.0,0.0,0.0,0.0,0.0,0.0,0.0,0.0,0.0,0.0,0.0,0.0,0.0,0.0,0.0,0.0,0.0,0.0,0.0,0.0,0.0
0.0,-198.10084157811349535,145.5196086884364555,-123.715054550260928276,-74.07195130567865878,0.0,0.0,0.0,-342.160794126529551,0.0,0.0,307.12269317430250684,97.65626272142988809,269.13984721614877826,0.0,0.0,199.05933267109026158,-151.31766302317646315,0.0,0.0,0.0,0.0,171.73538162293685926,57.338030220618240913,333.99949256934965736,0.0,0.0,0.0
0.0,-471.25525687088020546,346.1715761827211672,-294.3014746754079481,-176.2072092244028441,0.0,0.0,0.0,-813.9545074252559952,0.0,0.0,730.60357800480345475,232.31111391160330647,640.2474962935666048,0.0,0.0,473.5353782607285592,-359.96436758684965296,0.0,0.0,0.0,0.0,408.53537388241545397,136.39946173289275208,794.53986874380960614,0.0,0.0,0.0
0.0,-1436.8726012857965791,1055.4883917128489694,-897.3347656362867573,-537.2615103855476369,0.0,0.0,0.0,-2481.7737592535183677,0.0,0.0,2227.6340652558576902,708.32414002168917155,1952.1354341477718037,0.0,0.0,1443.8247655426643852,-1097.5430611831410799,0.0,0.0,0.0,0.0,1245.6376386874518193,415.8863939162873704,2422.5778946376737137,0.0,0.0,0.0
0.0,0.0,0.0,0.0,0.0,0.0,0.0,0.0,0.0,0.0,0.0,0.0,0.0,0.0,0.0,0.0,0.0,0.0,0.0,0.0,0.0,0.0,0.0,0.0,0.0,0.0,0.0,0.0
0.0,0.0,0.0,0.0,0.0,0.0,0.0,0.0,0.0,0.0,0.0,0.0,0.0,0.0,0.0,0.0,0.0,0.0,0.0,0.0,0.0,0.0,0.0,0.0,0.0,0.0,0.0,0.0
0.0,0.0,0.0,0.0,0.0,0.0,0.0,0.0,0.0,0.0,0.0,0.0,0.0,0.0,0.0,0.0,0.0,0.0,0.0,0.0,0.0,0.0,0.0,0.0,0.0,0.0,0.0,0.0
0.0,0.0,0.0,0.0,0.0,0.0,0.0,0.0,0.0,0.0,0.0,0.0,0.0,0.0,0.0,0.0,0.0,0.0,0.0,0.0,0.0,0.0,0.0,0.0,0.0,0.0,0.0,0.0
0.0,-821.11060810759304673,603.16601095622116885,-512.7880470602298289,-307.0217395131018818,0.0,0.0,0.0,-1418.2264724253026653,0.0,0.0,1272.9966180207015034,404.7766411789303106,1115.5610539216020124,0.0,0.0,825.08346959546072913,-627.1984374856257736,0.0,0.0,0.0,0.0,711.8280897478967247,237.66110475395861301,1384.3985934966661372,0.0,0.0,0.0
0.0,0.0,0.0,0.0,0.0,0.0,0.0,0.0,0.0,0.0,0.0,0.0,0.0,0.0,0.0,0.0,0.0,0.0,0.0,0.0,0.0,0.0,0.0,0.0,0.0,0.0,0.0,0.0
0.0,0.0,0.0,0.0,0.0,0.0,0.0,0.0,0.0,0.0,0.0,0.0,0.0,0.0,0.0,0.0,0.0,0.0,0.0,0.0,0.0,0.0,0.0,0.0,0.0,0.0,0.0,0.0
0.0,0.0,0.0,0.0,0.0,0.0,0.0,0.0,0.0,0.0,0.0,0.0,0.0,0.0,0.0,0.0,0.0,0.0,0.0,0.0,0.0,0.0,0.0,0.0,0.0,0.0,0.0,0.0
0.0,-469.9612494297968349,345.2210327374419264,-293.49335998045372154,-175.72336647340009975,0.0,0.0,0.0,-811.7194911067001776,0.0,0.0,728.5974328156806446,231.67321692124602683,638.4894574976919722,0.0,0.0,472.2351098941658034,-358.975950877665065,0.0,0.0,0.0,0.0,407.41358732185838556,136.02492603091650941,792.358162572044618,0.0,0.0,0.0
0.0,0.0,0.0,0.0,0.0,0.0,0.0,0.0,0.0,0.0,0.0,0.0,0.0,0.0,0.0,0.0,0.0,0.0,0.0,0.0,0.0,0.0,0.0,0.0,0.0,0.0,0.0,0.0
0.0,-974.82864715011640877,716.0831934963137161,-608.7857996896965588,-364.49850241858651367,0.0,0.0,0.0,-1683.7290613662150265,0.0,0.0,1511.3110934369847772,480.55385184686407346,1324.4024157891001964,0.0,0.0,979.54525798341035264,-744.61466977986487165,0.0,0.0,0.0,0.0,845.0876250784818254,282.15303875010450368,1643.5683508281291968,0.0,0.0,0.0
0.0,0.0,0.0,0.0,0.0,0.0,0.0,0.0,0.0,0.0,0.0,0.0,0.0,0.0,0.0,0.0,0.0,0.0,0.0,0.0,0.0,0.0,0.0,0.0,0.0,0.0,0.0,0.0
0.0,-278.76033483393264692,204.76992687028089174,-174.08734741205229991,-104.23136915161393125,0.0,0.0,0.0,-481.47628641015074616,0.0,0.0,432.1719388082925773,137.4183586399458172,378.723852606873782,0.0,0.0,280.10908881137695542,-212.92873909370168824,0.0,0.0,0.0,0.0,241.65981377300807466,80.684001015286855786,469.9919982232018524,0.0,0.0,0.0
0.0,0.0,0.0,0.0,0.0,0.0,0.0,0.0,0.0,0.0,0.0,0.0,0.0,0.0,0.0,0.0,0.0,0.0,0.0,0.0,0.0,0.0,0.0,0.0,0.0,0.0,0.0,0.0
0.0,0.0,0.0,0.0,0.0,0.0,0.0,0.0,0.0,0.0,0.0,0.0,0.0,0.0,0.0,0.0,0.0,0.0,0.0,0.0,0.0,0.0,0.0,0.0,0.0,0.0,0.0,0.0
0.0,0.0,0.0,0.0,0.0,0.0,0.0,0.0,0.0,0.0,0.0,0.0,0.0,0.0,0.0,0.0,0.0,0.0,0.0,0.0,0.0,0.0,0.0,0.0,0.0,0.0,0.0,0.0
0.0,0.0,0.0,0.0,0.0,0.0,0.0,0.0,0.0,0.0,0.0,0.0,0.0,0.0,0.0,0.0,0.0,0.0,0.0,0.0,0.0,0.0,0.0,0.0,0.0,0.0,0.0,0.0
0.0,-492.2052329554382863,361.56087133952585153,-307.38484884727271895,-184.04062172294906242,0.0,0.0,0.0,-850.1394140461481917,0.0,0.0,763.08306181603007606,242.63866402306790596,668.71013843916605296,0.0,0.0,494.58671870757385053,-375.9668307578945735,0.0,0.0,0.0,0.0,426.6970944950677079,142.46319347824205877,829.8616842688754059,0.0,0.0,0.0
0.0,-905.53023016660913325,665.1784197364721763,-565.50856083970008076,-338.58710836557873622,0.0,0.0,0.0,-1564.0364785487986459,0.0,0.0,1403.8753234162986444,446.3923391485340655,1230.2535711366264587,0.0,0.0,909.9115475457867268,-691.6816563427910065,0.0,0.0,0.0,0.0,785.0122110028917915,262.09540196477781235,1526.730704284239905,0.0,0.0,0.0
0.0,-680.16907836365806733,499.63411228834091518,-424.7692940768272486,-254.32224543233559472,0.0,0.0,0.0,-1174.7915361654426891,0.0,0.0,1054.4900137567561701,335.29776896724058016,924.0778604151497571,0.0,0.0,683.46000836746987,-519.5414344468260072,0.0,0.0,0.0,0.0,589.64462397220489137,196.86718572049830876,1146.7701258868493729,0.0,0.0,0.0
0.0,-38.966828988055443005,28.623996046655511035,-24.334996941479808437,-14.570099936712429098,0.0,0.0,0.0,-67.30370777293439415,0.0,0.0,60.411643726183282335,19.209180833177208038,52.940342488185160176,0.0,0.0,39.155366089710676038,-29.764484849860215648,0.0,0.0,0.0,0.0,33.780690650224684667,11.278504423908681352,65.69836354741185664,0.0,0.0,0.0
0.0,0.0,0.0,0.0,0.0,0.0,0.0,0.0,0.0,0.0,0.0,0.0,0.0,0.0,0.0,0.0,0.0,0.0,0.0,0.0,0.0,0.0,0.0,0.0,0.0,0.0,0.0,0.0
0.0,0.0,0.0,0.0,0.0,0.0,0.0,0.0,0.0,0.0,0.0,0.0,0.0,0.0,0.0,0.0,0.0,0.0,0.0,0.0,0.0,0.0,0.0,0.0,0.0,0.0,0.0,0.0
0.0,0.0,0.0,0.0,0.0,0.0,0.0,0.0,0.0,0.0,0.0,0.0,0.0,0.0,0.0,0.0,0.0,0.0,0.0,0.0,0.0,0.0,0.0,0.0,0.0,0.0,0.0,0.0
0.0,0.0,0.0,0.0,0.0,0.0,0.0,0.0,0.0,0.0,0.0,0.0,0.0,0.0,0.0,0.0,0.0,0.0,0.0,0.0,0.0,0.0,0.0,0.0,0.0,0.0,0.0,0.0
0.0,0.0,0.0,0.0,0.0,0.0,0.0,0.0,0.0,0.0,0.0,0.0,0.0,0.0,0.0,0.0,0.0,0.0,0.0,0.0,0.0,0.0,0.0,0.0,0.0,0.0,0.0,0.0
121.54621206931129432,0.0,0.0,361.40974920061656545,-226.86122437394518114,0.0,-257.2798464845788385,259.3847139954594503,0.0,131.41750650697716955,0.0,0.0,0.0,0.0,0.0,91.93481955967728689,103.35675421232145854,0.0,0.0,37.86829053866274529,325.60640790926528348,74.26893144773629573,69.36548283351849634,0.0,384.12196306488335462,53.83664252234260912,-12.287630106545093488,90.81055673896237465
313.44621023673564433,0.0,0.0,932.01190148931511525,-585.03502346193514616,0.0,-663.47927654786776247,668.9073580413472247,0.0,338.90253486372547007,0.0,0.0,0.0,0.0,0.0,237.08365969764971228,266.53881152419438852,0.0,0.0,97.655632005371190735,839.68140882709256717,191.5264548709252398,178.8813270709680332,0.0,990.58268901645790266,138.83519102080562264,-31.687627480246486858,234.18438447990619841
140.56000439989009983,0.0,0.0,417.94602294009345286,-262.3497199401194927,0.0,-297.52680678566505143,299.96094423473546176,0.0,151.97549128318107331,0.0,0.0,0.0,0.0,0.0,106.31642419627534659,119.525122005100602494,0.0,0.0,43.792126419336401474,376.5418711877268079,85.88701493318450565,80.216507008214711846,0.0,444.21116791122684878,62.258449531118039783,-14.20981627017137843,105.01628999763650349
267.2747990388287374,0.0,0.0,794.7242159482923533,-498.8579003981822755,0.0,-565.74711869008186127,570.37563019526284586,0.0,288.98134334130149609,0.0,0.0,0.0,0.0,0.0,202.16064329895951407,227.27697754703348501,0.0,0.0,83.27071301813555478,715.99423592137357086,163.3141287546069526,152.53165992526212101,0.0,844.6673798935182285,118.38441993469122134,-27.0199606509951389,199.68843857651161747
0.0,0.0,0.0,0.0,0.0,0.0,0.0,0.0,0.0,0.0,0.0,0.0,0.0,0.0,0.0,0.0,0.0,0.0,0.0,0.0,0.0,0.0,0.0,0.0,0.0,0.0,0.0,0.0
0.0,0.0,0.0,0.0,0.0,0.0,0.0,0.0,0.0,0.0,0.0,0.0,0.0,0.0,0.0,0.0,0.0,0.0,0.0,0.0,0.0,0.0,0.0,0.0,0.0,0.0,0.0,0.0
0.0,0.0,0.0,0.0,0.0,0.0,0.0,0.0,0.0,0.0,0.0,0.0,0.0,0.0,0.0,0.0,0.0,0.0,0.0,0.0,0.0,0.0,0.0,0.0,0.0,0.0,0.0,0.0
321.13874407711006936,0.0,0.0,954.8851500968620314,-599.392835325049318,0.0,-679.7622514907673873,685.323547868374382,0.0,347.21981270242986986,0.0,0.0,0.0,0.0,0.0,242.90211918339863192,273.0801534210208881,0.0,0.0,100.052276882133613194,860.288701056458497,196.22685859987377113,183.27139661708001642,0.0,1014.89337010969234604,142.24245635145286068,-32.46529885974369672,239.93169053646480705
0.0,0.0,0.0,0.0,0.0,0.0,0.0,0.0,0.0,0.0,0.0,0.0,0.0,0.0,0.0,0.0,0.0,0.0,0.0,0.0,0.0,0.0,0.0,0.0,0.0,0.0,0.0,0.0
0.0,0.0,0.0,0.0,0.0,0.0,0.0,0.0,0.0,0.0,0.0,0.0,0.0,0.0,0.0,0.0,0.0,0.0,0.0,0.0,0.0,0.0,0.0,0.0,0.0,0.0,0.0,0.0
5.1266508725380000883,0.0,0.0,15.243762635947188355,-9.568692220688100366,0.0,-10.851707568759632921,10.94048796493585841,0.0,5.5430083992791953393,0.0,0.0,0.0,0.0,0.0,3.877683350950302819,4.3594447341817173574,0.0,0.0,1.5972320438982634541,13.733627291158225116,3.1325606592485199027,2.9257399884225963418,0.0,16.201732358262474298,2.2707550129517418934,-0.51827521841010788816,3.8302635023786878773
69.39947825479152361,0.0,0.0,206.35483083927886747,-129.53139665773377306,0.0,-146.89957677431223214,148.10139709074691014,0.0,75.035710532295843325,0.0,0.0,0.0,0.0,0.0,52.492203601143108713,59.013807952760484715,0.0,0.0,21.621731858541363374,185.91212708820596275,42.405476939705853714,39.605745301159662117,0.0,219.32286797804651707,30.739212999165502132,-7.015892176843958743,51.850281061143403488
184.22850194728535408,0.0,0.0,547.7914576754194974,-343.85525311562853792,0.0,-389.96098596682559587,393.15134938272471288,0.0,199.19049669455661876,0.0,0.0,0.0,0.0,0.0,139.34629303474354904,156.65860474377882618,0.0,0.0,57.397250958870847957,493.52406572204715707,112.569974406439897954,105.13778069843933468,0.0,582.2165299576736681,81.60060139189576357,-18.624452777847819482,137.6422394757792633
0.0,0.0,0.0,0.0,0.0,0.0,0.0,0.0,0.0,0.0,0.0,0.0,0.0,0.0,0.0,0.0,0.0,0.0,0.0,0.0,0.0,0.0,0.0,0.0,0.0,0.0,0.0,0.0
0.0,0.0,0.0,0.0,0.0,0.0,0.0,0.0,0.0,0.0,0.0,0.0,0.0,0.0,0.0,0.0,0.0,0.0,0.0,0.0,0.0,0.0,0.0,0.0,0.0,0.0,0.0,0.0
141.45436046855092972,0.0,0.0,420.60533248966987038,-264.0190003669497757,0.0,-299.41991219907272043,301.869537593016391,0.0,152.94248188265582915,0.0,0.0,0.0,0.0,0.0,106.992895000215733306,120.2856371934650346,0.0,0.0,44.070767233200280326,378.93773414347605563,86.433497365029939935,80.72690909702986354,0.0,447.03759748829245152,62.65458798032552255,-14.300230577356709648,105.684488299625922406
727.4408414204399221,0.0,0.0,2162.9979871863591172,-1357.7397200181540764,0.0,-1539.7918604039974163,1552.3892632117492278,0.0,786.51946352961562275,0.0,0.0,0.0,0.0,0.0,550.2198822797662459,618.57891719260008423,0.0,0.0,226.63759457094365517,1948.7188889632750861,444.4914659531305134,415.14486004035690217,0.0,2298.9281135363413069,322.20644205161899343,-73.54012791999746734,543.49129174325322295
0.0,0.0,0.0,0.0,0.0,0.0,0.0,0.0,0.0,0.0,0.0,0.0,0.0,0.0,0.0,0.0,0.0,0.0,0.0,0.0,0.0,0.0,0.0,0.0,0.0,0.0,0.0,0.0
0.0,0.0,0.0,0.0,0.0,0.0,0.0,0.0,0.0,0.0,0.0,0.0,0.0,0.0,0.0,0.0,0.0,0.0,0.0,0.0,0.0,0.0,0.0,0.0,0.0,0.0,0.0,0.0
0.0,0.0,0.0,0.0,0.0,0.0,0.0,0.0,0.0,0.0,0.0,0.0,0.0,0.0,0.0,0.0,0.0,0.0,0.0,0.0,0.0,0.0,0.0,0.0,0.0,0.0,0.0,0.0
0.0,0.0,0.0,0.0,0.0,0.0,0.0,0.0,0.0,0.0,0.0,0.0,0.0,0.0,0.0,0.0,0.0,0.0,0.0,0.0,0.0,0.0,0.0,0.0,0.0,0.0,0.0,0.0
440.72013607941473692,0.0,0.0,1310.4526347336411923,-822.58680032096108203,0.0,-932.8831151769269681,940.5152534396599015,0.0,476.51292759287818898,0.0,0.0,0.0,0.0,0.0,333.3507930602760255,374.7661239760019046,0.0,0.0,137.30841854435771707,1180.6316129396917233,269.29521715949374666,251.51557184003158248,0.0,1392.8059208995351694,195.20881823100718826,-44.554296842767514817,329.2742755374431949
362.84985393764168068,0.0,0.0,1078.9104199668744533,-677.2449813677438132,0.0,-768.05318017474329817,774.33680560311609836,0.0,392.3184624932090907,0.0,0.0,0.0,0.0,0.0,274.45146402415042602,308.54917262270279749,0.0,0.0,113.047568138005668684,972.0273099392403446,221.7137866258519704,207.07560429858151088,0.0,1146.7128083995984076,160.71761960451304461,-36.682054615220546494,271.09522121461472938
405.4465359453304229,0.0,0.0,1205.5688809676857544,-756.75001299325652593,0.0,-858.2186211301644156,865.23991143926725644,0.0,438.3746055816408529,0.0,0.0,0.0,0.0,0.0,306.67063570828867008,344.77123760995639354,0.0,0.0,126.3187635359366339,1086.1382508007094364,247.74182980440878069,231.38520115285657477,0.0,1281.3309164778118288,179.58503063150677276,-40.98833667342347842,302.92038748260926612
0.0,0.0,0.0,0.0,0.0,0.0,0.0,0.0,0.0,0.0,0.0,0.0,0.0,0.0,0.0,0.0,0.0,0.0,0.0,0.0,0.0,0.0,0.0,0.0,0.0,0.0,0.0,0.0
0.0,0.0,0.0,0.0,0.0,0.0,0.0,0.0,0.0,0.0,0.0,0.0,0.0,0.0,0.0,0.0,0.0,0.0,0.0,0.0,0.0,0.0,0.0,0.0,0.0,0.0,0.0,0.0
0.0,0.0,0.0,0.0,0.0,0.0,0.0,0.0,0.0,0.0,0.0,0.0,0.0,0.0,0.0,0.0,0.0,0.0,0.0,0.0,0.0,0.0,0.0,0.0,0.0,0.0,0.0,0.0
2.172500001431509836e-2973,2.7355546041315634444e-1087,328.61028862137759776,-328.61028862137759776
0.0,0.0,0.0,0.0
0.0,0.0,0.0,0.0
1.0394331177538884446e-2973,1.3088267199470088615e-1087,157.22366702078546508,-157.22366702078546508
1.732975408283169644e-2972,2.1821168487236266685e-1086,2621.2821574888052445,-2621.2821574888052445
0.0,0.0,0.0,0.0
6.8804696009901522328e-2973,8.6637055388601576455e-1087,1040.7333026201006781,-1040.7333026201006781
6.570207029495256853e-2973,8.273031106002479791e-1087,993.8032804796322849,-993.8032804796322849
0.0,0.0,0.0,0.0
1.8970685530172241223e-2972,2.3887386012151749638e-1086,2869.4878910506751395,-2869.4878910506751395
0.0,0.0,0.0,0.0
0.0,0.0,0.0,0.0
0.0,0.0,0.0,0.0
0.0,0.0,0.0,0.0
0.0,0.0,0.0,0.0
4.517693769167744775e-2973,5.6885606362071670048e-1087,683.34207245615693194,-683.34207245615693194
3.198822136675739219e-2974,4.0278723212959009843e-1088,48.385080086942658772,-48.385080086942658772
0.0,0.0,0.0,0.0
0.0,0.0,0.0,0.0
4.4285481273175220416e-2973,5.5763107992262908535e-1087,669.8579872647014431,-669.8579872647014431
9.104693012285708756e-2973,1.1464388894154779497e-1086,1377.1672251345538027,-1377.1672251345538027
2.3874856804673043904e-2973,3.0062588912299305245e-1087,361.12881842154546908,-361.12881842154546908
1.7365390668164305978e-2973,2.186604113396487968e-1087,262.66725135688571774,-262.66725135688571774
0.0,0.0,0.0,0.0
3.6248585913695206882e-2974,4.5643261691198472084e-1088,54.829267071886401863,-54.829267071886401863
1.348323471660098432e-2973,1.697773292671142325e-1087,203.94612883095599276,-203.94612883095599276
2.9834773650574439437e-2972,3.756715874304911548e-1086,4512.779550659907745,-4512.779550659907745
8.988910070451948745e-2975,1.1318598072794807941e-1088,13.596540072250699327,-13.596540072250699327
